sql,label
"SELECT COUNT(*) FROM title t,movie_info_idx mi_idx WHERE t.id=mi_idx.movie_id AND t.kind_id=7 AND mi_idx.info_type_id>99",283812
SELECT COUNT(*) FROM title t WHERE t.production_year>2004,1107925
"SELECT COUNT(*) FROM title t,movie_companies mc,cast_info ci,movie_info mi WHERE t.id=mc.movie_id AND t.id=ci.movie_id AND t.id=mi.movie_id AND mc.company_id<27 AND mi.info_type_id=16",11306022
SELECT COUNT(*) FROM movie_info_idx mi_idx WHERE mi_idx.info_type_id<100,459925
"SELECT COUNT(*) FROM title t,cast_info ci,movie_info mi,movie_info_idx mi_idx,movie_keyword mk WHERE t.id=ci.movie_id AND t.id=mi.movie_id AND t.id=mi_idx.movie_id AND t.id=mk.movie_id AND mi.info_type_id>15",44007524882
"SELECT COUNT(*) FROM title t,movie_companies mc,cast_info ci,movie_info mi,movie_info_idx mi_idx WHERE t.id=mc.movie_id AND t.id=ci.movie_id AND t.id=mi.movie_id AND t.id=mi_idx.movie_id AND t.kind_id<7 AND t.production_year<1999 AND mc.company_type_id=2 AND mi_idx.info_type_id=100",281934531
SELECT COUNT(*) FROM movie_keyword mk WHERE mk.keyword_id<5990,2476485
"SELECT COUNT(*) FROM title t,movie_keyword mk WHERE t.id=mk.movie_id AND mk.keyword_id>2282",2973114
SELECT COUNT(*) FROM movie_info mi WHERE mi.info_type_id=3,1533909
"SELECT COUNT(*) FROM title t,movie_companies mc WHERE t.id=mc.movie_id",2609129
SELECT COUNT(*) FROM movie_info_idx mi_idx WHERE mi_idx.info_type_id>100,460185
"SELECT COUNT(*) FROM title t,movie_info mi,movie_info_idx mi_idx,movie_keyword mk WHERE t.id=mi.movie_id AND t.id=mi_idx.movie_id AND t.id=mk.movie_id AND t.kind_id<7 AND t.production_year=1994 AND mi.info_type_id>8",9067075
SELECT COUNT(*) FROM title t WHERE t.production_year=2007,119565
"SELECT COUNT(*) FROM title t,movie_companies mc,cast_info ci,movie_info mi,movie_info_idx mi_idx WHERE t.id=mc.movie_id AND t.id=ci.movie_id AND t.id=mi.movie_id AND t.id=mi_idx.movie_id AND t.kind_id=1 AND t.production_year<2012 AND mc.company_id>7851 AND mi.info_type_id>16 AND mi_idx.info_type_id=101",994094709
"SELECT COUNT(*) FROM title t,movie_keyword mk WHERE t.id=mk.movie_id",4523930
"SELECT COUNT(*) FROM title t,movie_info mi WHERE t.id=mi.movie_id AND mi.info_type_id<16",9565151
"SELECT COUNT(*) FROM title t,movie_keyword mk WHERE t.id=mk.movie_id AND t.production_year<2007 AND mk.keyword_id>60992",183733
"SELECT COUNT(*) FROM title t,movie_companies mc,movie_info mi WHERE t.id=mc.movie_id AND t.id=mi.movie_id AND mi.info_type_id>16",20959155
"SELECT COUNT(*) FROM title t,movie_info_idx mi_idx WHERE t.id=mi_idx.movie_id",1380035
"SELECT COUNT(*) FROM title t,movie_keyword mk WHERE t.id=mk.movie_id AND mk.keyword_id>2242",2986860
"SELECT COUNT(*) FROM title t,cast_info ci,movie_info mi,movie_info_idx mi_idx,movie_keyword mk WHERE t.id=ci.movie_id AND t.id=mi.movie_id AND t.id=mi_idx.movie_id AND t.id=mk.movie_id AND mi.info_type_id>4",75018948820
"SELECT COUNT(*) FROM title t,movie_info mi WHERE t.id=mi.movie_id AND mi.info_type_id>98",543367
"SELECT COUNT(*) FROM title t,cast_info ci,movie_info mi,movie_info_idx mi_idx,movie_keyword mk WHERE t.id=ci.movie_id AND t.id=mi.movie_id AND t.id=mi_idx.movie_id AND t.id=mk.movie_id AND t.kind_id=7 AND t.production_year=1992 AND ci.person_id<1816925",5030235
"SELECT COUNT(*) FROM title t,movie_info mi,movie_keyword mk WHERE t.id=mi.movie_id AND t.id=mk.movie_id AND mi.info_type_id>18",57628813
"SELECT COUNT(*) FROM title t,movie_companies mc WHERE t.id=mc.movie_id AND t.kind_id>1 AND mc.company_id<26309 AND mc.company_type_id=1",587070
"SELECT COUNT(*) FROM title t,movie_companies mc,movie_info mi,movie_info_idx mi_idx,movie_keyword mk WHERE t.id=mc.movie_id AND t.id=mi.movie_id AND t.id=mi_idx.movie_id AND t.id=mk.movie_id AND t.production_year>2002 AND mi.info_type_id>1",6802505908
"SELECT COUNT(*) FROM title t,movie_info mi,movie_info_idx mi_idx WHERE t.id=mi.movie_id AND t.id=mi_idx.movie_id AND t.production_year>2004 AND mi.info_type_id>3",5405252
"SELECT COUNT(*) FROM title t,movie_keyword mk WHERE t.id=mk.movie_id AND mk.keyword_id=19480",16
SELECT COUNT(*) FROM movie_info_idx mi_idx WHERE mi_idx.info_type_id<101,919850
"SELECT COUNT(*) FROM title t,movie_info mi WHERE t.id=mi.movie_id AND t.kind_id<7 AND t.production_year=2000 AND mi.info_type_id=7",10111
"SELECT COUNT(*) FROM title t,cast_info ci,movie_info mi WHERE t.id=ci.movie_id AND t.id=mi.movie_id AND ci.person_id<3176078 AND ci.role_id=8 AND mi.info_type_id=2",960788
"SELECT COUNT(*) FROM title t,movie_companies mc WHERE t.id=mc.movie_id AND mc.company_type_id>1",1334883
SELECT COUNT(*) FROM movie_companies mc WHERE mc.company_id>12740 AND mc.company_type_id>1,876047
"SELECT COUNT(*) FROM title t,movie_companies mc,movie_info mi,movie_keyword mk WHERE t.id=mc.movie_id AND t.id=mi.movie_id AND t.id=mk.movie_id AND t.kind_id<7 AND mc.company_id<11471 AND mc.company_type_id=1 AND mi.info_type_id<2",23426182
"SELECT COUNT(*) FROM title t,cast_info ci,movie_info mi WHERE t.id=ci.movie_id AND t.id=mi.movie_id AND t.kind_id<4",351514575
"SELECT COUNT(*) FROM title t,cast_info ci WHERE t.id=ci.movie_id AND t.kind_id<7",14824459
SELECT COUNT(*) FROM movie_companies mc WHERE mc.company_type_id=1,1274246
SELECT COUNT(*) FROM movie_info mi WHERE mi.info_type_id=98,328857
"SELECT COUNT(*) FROM title t,cast_info ci WHERE t.id=ci.movie_id AND t.production_year>2007 AND ci.person_id=1699564 AND ci.role_id=1",9
"SELECT COUNT(*) FROM title t,movie_keyword mk WHERE t.id=mk.movie_id AND t.kind_id>1 AND mk.keyword_id>16264",391125
"SELECT COUNT(*) FROM title t,movie_companies mc,cast_info ci,movie_keyword mk WHERE t.id=mc.movie_id AND t.id=ci.movie_id AND t.id=mk.movie_id AND mc.company_type_id=2 AND ci.role_id=10 AND mk.keyword_id<4030",90750250
"SELECT COUNT(*) FROM title t,cast_info ci,movie_info_idx mi_idx,movie_keyword mk WHERE t.id=ci.movie_id AND t.id=mi_idx.movie_id AND t.id=mk.movie_id AND ci.person_id<1717521 AND ci.role_id>2 AND mi_idx.info_type_id<100 AND mk.keyword_id>3617",16085115
"SELECT COUNT(*) FROM title t,movie_info mi WHERE t.id=mi.movie_id",14835720
"SELECT COUNT(*) FROM title t,movie_keyword mk WHERE t.id=mk.movie_id AND t.kind_id=7 AND t.production_year>2009",133181
"SELECT COUNT(*) FROM title t,movie_info mi,movie_info_idx mi_idx WHERE t.id=mi.movie_id AND t.id=mi_idx.movie_id AND t.kind_id<4 AND t.production_year>1992 AND mi.info_type_id=1 AND mi_idx.info_type_id>100",139398
SELECT COUNT(*) FROM movie_keyword mk WHERE mk.keyword_id<1759,1351608
SELECT COUNT(*) FROM title t WHERE t.production_year>1998,1485030
"SELECT COUNT(*) FROM title t,cast_info ci,movie_info mi,movie_keyword mk WHERE t.id=ci.movie_id AND t.id=mi.movie_id AND t.id=mk.movie_id AND t.kind_id<2 AND t.production_year<2010 AND ci.person_id>718144 AND ci.role_id>9 AND mk.keyword_id<359",521661092
"SELECT COUNT(*) FROM title t,movie_companies mc,movie_info_idx mi_idx WHERE t.id=mc.movie_id AND t.id=mi_idx.movie_id AND t.production_year>2006",1102769
"SELECT COUNT(*) FROM title t,movie_companies mc WHERE t.id=mc.movie_id AND t.kind_id=7",717308
SELECT COUNT(*) FROM movie_info mi WHERE mi.info_type_id=17,368218
SELECT COUNT(*) FROM cast_info ci WHERE ci.person_id<896422,9098501
"SELECT COUNT(*) FROM title t,movie_info mi,movie_info_idx mi_idx WHERE t.id=mi.movie_id AND t.id=mi_idx.movie_id AND mi_idx.info_type_id<101",13860668
"SELECT COUNT(*) FROM title t,movie_companies mc,cast_info ci,movie_info mi,movie_keyword mk WHERE t.id=mc.movie_id AND t.id=ci.movie_id AND t.id=mi.movie_id AND t.id=mk.movie_id AND ci.role_id>1",464212226736
"SELECT COUNT(*) FROM title t,movie_info mi WHERE t.id=mi.movie_id AND t.kind_id<7 AND t.production_year=1986",85426
"SELECT COUNT(*) FROM title t,movie_companies mc,movie_info_idx mi_idx WHERE t.id=mc.movie_id AND t.id=mi_idx.movie_id AND t.kind_id>3 AND t.production_year>2007",314907
SELECT COUNT(*) FROM movie_keyword mk WHERE mk.keyword_id<245,297845
"SELECT COUNT(*) FROM title t,movie_companies mc WHERE t.id=mc.movie_id AND mc.company_id=31319 AND mc.company_type_id=1",1
SELECT COUNT(*) FROM movie_companies mc WHERE mc.company_id<3598 AND mc.company_type_id=2,278429
"SELECT COUNT(*) FROM title t,cast_info ci,movie_info mi,movie_info_idx mi_idx WHERE t.id=ci.movie_id AND t.id=mi.movie_id AND t.id=mi_idx.movie_id AND ci.person_id>2812137",311663737
"SELECT COUNT(*) FROM title t,movie_info mi,movie_info_idx mi_idx WHERE t.id=mi.movie_id AND t.id=mi_idx.movie_id AND t.production_year<2008",16816470
"SELECT COUNT(*) FROM title t,movie_keyword mk WHERE t.id=mk.movie_id AND t.production_year>1994 AND mk.keyword_id<2488",885729
"SELECT COUNT(*) FROM title t,movie_companies mc,cast_info ci,movie_keyword mk WHERE t.id=mc.movie_id AND t.id=ci.movie_id AND t.id=mk.movie_id AND mc.company_type_id>1",606627622
"SELECT COUNT(*) FROM title t,movie_info mi,movie_info_idx mi_idx WHERE t.id=mi.movie_id AND t.id=mi_idx.movie_id AND t.production_year>1998 AND mi.info_type_id=17",376129
"SELECT COUNT(*) FROM title t,cast_info ci,movie_info mi WHERE t.id=ci.movie_id AND t.id=mi.movie_id AND ci.role_id=2 AND mi.info_type_id=16",14802622
"SELECT COUNT(*) FROM title t,movie_companies mc,movie_info mi,movie_info_idx mi_idx WHERE t.id=mc.movie_id AND t.id=mi.movie_id AND t.id=mi_idx.movie_id AND t.production_year>2000 AND mc.company_id<7851 AND mi_idx.info_type_id>100",13614904
SELECT COUNT(*) FROM movie_keyword mk WHERE mk.keyword_id>21497,854713
SELECT COUNT(*) FROM cast_info ci WHERE ci.person_id>2982128,6798769
SELECT COUNT(*) FROM movie_keyword mk WHERE mk.keyword_id<6412,2547786
"SELECT COUNT(*) FROM title t,movie_companies mc,movie_keyword mk WHERE t.id=mc.movie_id AND t.id=mk.movie_id AND mc.company_id<95601",32454121
"SELECT COUNT(*) FROM title t,cast_info ci,movie_info mi,movie_keyword mk WHERE t.id=ci.movie_id AND t.id=mi.movie_id AND t.id=mk.movie_id AND ci.person_id>2767669 AND mi.info_type_id=2 AND mk.keyword_id>11171",19659246
SELECT COUNT(*) FROM title t WHERE t.kind_id>4,1555864
"SELECT COUNT(*) FROM title t,movie_info_idx mi_idx,movie_keyword mk WHERE t.id=mi_idx.movie_id AND t.id=mk.movie_id AND mk.keyword_id=3054",177
"SELECT COUNT(*) FROM title t,movie_companies mc,cast_info ci,movie_info mi,movie_keyword mk WHERE t.id=mc.movie_id AND t.id=ci.movie_id AND t.id=mi.movie_id AND t.id=mk.movie_id AND ci.person_id<926305 AND ci.role_id<10 AND mi.info_type_id<7 AND mk.keyword_id>1074",14345735941
"SELECT COUNT(*) FROM title t,movie_info mi,movie_info_idx mi_idx,movie_keyword mk WHERE t.id=mi.movie_id AND t.id=mi_idx.movie_id AND t.id=mk.movie_id AND mk.keyword_id<1887",194081501
SELECT COUNT(*) FROM movie_info_idx mi_idx WHERE mi_idx.info_type_id>99,920110
"SELECT COUNT(*) FROM title t,movie_companies mc,cast_info ci,movie_info mi,movie_keyword mk WHERE t.id=mc.movie_id AND t.id=ci.movie_id AND t.id=mi.movie_id AND t.id=mk.movie_id AND t.kind_id=7 AND t.production_year=2004 AND ci.role_id<2 AND mk.keyword_id<2909",3642045
"SELECT COUNT(*) FROM title t,movie_companies mc WHERE t.id=mc.movie_id AND mc.company_type_id=1",1274246
"SELECT COUNT(*) FROM title t,cast_info ci,movie_info mi WHERE t.id=ci.movie_id AND t.id=mi.movie_id AND t.kind_id=4 AND ci.person_id<2578432 AND ci.role_id=1 AND mi.info_type_id=6",91690
"SELECT COUNT(*) FROM title t,movie_info_idx mi_idx,movie_keyword mk WHERE t.id=mi_idx.movie_id AND t.id=mk.movie_id AND t.kind_id>1 AND t.production_year=2004",122028
"SELECT COUNT(*) FROM title t,movie_companies mc,cast_info ci,movie_info_idx mi_idx,movie_keyword mk WHERE t.id=mc.movie_id AND t.id=ci.movie_id AND t.id=mi_idx.movie_id AND t.id=mk.movie_id AND t.production_year>1999 AND mc.company_type_id=2 AND mk.keyword_id=13886",90003
"SELECT COUNT(*) FROM title t,cast_info ci,movie_info mi,movie_info_idx mi_idx,movie_keyword mk WHERE t.id=ci.movie_id AND t.id=mi.movie_id AND t.id=mi_idx.movie_id AND t.id=mk.movie_id AND t.kind_id=1 AND t.production_year<2008 AND mi.info_type_id<2 AND mk.keyword_id<3291",218613694
"SELECT COUNT(*) FROM title t,cast_info ci,movie_keyword mk WHERE t.id=ci.movie_id AND t.id=mk.movie_id AND ci.person_id>3393072 AND ci.role_id=10",33302158
"SELECT COUNT(*) FROM title t,cast_info ci,movie_keyword mk WHERE t.id=ci.movie_id AND t.id=mk.movie_id AND t.production_year=1989 AND mk.keyword_id>944",1810007
"SELECT COUNT(*) FROM title t,cast_info ci,movie_info mi,movie_info_idx mi_idx WHERE t.id=ci.movie_id AND t.id=mi.movie_id AND t.id=mi_idx.movie_id AND mi.info_type_id<4",117477848
SELECT COUNT(*) FROM movie_info mi WHERE mi.info_type_id>7,7548855
"SELECT COUNT(*) FROM title t,movie_info mi,movie_info_idx mi_idx,movie_keyword mk WHERE t.id=mi.movie_id AND t.id=mi_idx.movie_id AND t.id=mk.movie_id AND mi_idx.info_type_id<101 AND mk.keyword_id<4333",204544074
"SELECT COUNT(*) FROM title t,movie_info_idx mi_idx WHERE t.id=mi_idx.movie_id AND mi_idx.info_type_id=100",459925
"SELECT COUNT(*) FROM title t,movie_companies mc,cast_info ci,movie_info mi WHERE t.id=mc.movie_id AND t.id=ci.movie_id AND t.id=mi.movie_id AND t.kind_id=1 AND ci.person_id<759216",1159221575
"SELECT COUNT(*) FROM title t,movie_info mi WHERE t.id=mi.movie_id AND mi.info_type_id=16",3036719
"SELECT COUNT(*) FROM title t,movie_companies mc,cast_info ci,movie_info_idx mi_idx,movie_keyword mk WHERE t.id=mc.movie_id AND t.id=ci.movie_id AND t.id=mi_idx.movie_id AND t.id=mk.movie_id AND t.kind_id<7 AND mc.company_id<428 AND ci.person_id<525577 AND ci.role_id=9",1042011
SELECT COUNT(*) FROM cast_info ci WHERE ci.role_id=9,1093558
"SELECT COUNT(*) FROM title t,movie_info_idx mi_idx WHERE t.id=mi_idx.movie_id AND t.production_year=2009",60340
"SELECT COUNT(*) FROM title t,movie_companies mc,cast_info ci,movie_info_idx mi_idx,movie_keyword mk WHERE t.id=mc.movie_id AND t.id=ci.movie_id AND t.id=mi_idx.movie_id AND t.id=mk.movie_id AND t.kind_id=3 AND mc.company_id>19054 AND mc.company_type_id=2 AND ci.person_id>1108086 AND ci.role_id<10 AND mk.keyword_id=3644",72
"SELECT COUNT(*) FROM title t,movie_companies mc,movie_info mi,movie_info_idx mi_idx,movie_keyword mk WHERE t.id=mc.movie_id AND t.id=mi.movie_id AND t.id=mi_idx.movie_id AND t.id=mk.movie_id AND mi_idx.info_type_id=99",4829607980
SELECT COUNT(*) FROM movie_keyword mk WHERE mk.keyword_id<382,520878
SELECT COUNT(*) FROM movie_info mi WHERE mi.info_type_id>13,5869026
"SELECT COUNT(*) FROM title t,cast_info ci,movie_keyword mk WHERE t.id=ci.movie_id AND t.id=mk.movie_id",215765477
"SELECT COUNT(*) FROM title t,movie_info_idx mi_idx,movie_keyword mk WHERE t.id=mi_idx.movie_id AND t.id=mk.movie_id AND t.kind_id<4",8583388
"SELECT COUNT(*) FROM title t,cast_info ci WHERE t.id=ci.movie_id AND t.production_year=2011",2478571
"SELECT COUNT(*) FROM title t,movie_info mi WHERE t.id=mi.movie_id AND mi.info_type_id<8",7286865
"SELECT COUNT(*) FROM title t,movie_info mi,movie_info_idx mi_idx,movie_keyword mk WHERE t.id=mi.movie_id AND t.id=mi_idx.movie_id AND t.id=mk.movie_id AND t.kind_id=1 AND t.production_year>2005 AND mi_idx.info_type_id=99 AND mk.keyword_id=6830",8966
"SELECT COUNT(*) FROM title t,movie_companies mc,movie_info_idx mi_idx,movie_keyword mk WHERE t.id=mc.movie_id AND t.id=mi_idx.movie_id AND t.id=mk.movie_id AND t.kind_id=7 AND t.production_year<2012 AND mi_idx.info_type_id=99 AND mk.keyword_id>1515",1017032
"SELECT COUNT(*) FROM title t,movie_companies mc,cast_info ci,movie_info_idx mi_idx,movie_keyword mk WHERE t.id=mc.movie_id AND t.id=ci.movie_id AND t.id=mi_idx.movie_id AND t.id=mk.movie_id AND t.kind_id<7 AND t.production_year>1936 AND ci.person_id>1487650 AND ci.role_id<8 AND mk.keyword_id=16264",539979
"SELECT COUNT(*) FROM title t,cast_info ci,movie_keyword mk WHERE t.id=ci.movie_id AND t.id=mk.movie_id AND ci.person_id>784764",165417463
"SELECT COUNT(*) FROM title t,cast_info ci,movie_info mi,movie_info_idx mi_idx,movie_keyword mk WHERE t.id=ci.movie_id AND t.id=mi.movie_id AND t.id=mi_idx.movie_id AND t.id=mk.movie_id AND mi.info_type_id<8 AND mi_idx.info_type_id>100",5057211125
SELECT COUNT(*) FROM movie_info_idx mi_idx WHERE mi_idx.info_type_id=99,459925
"SELECT COUNT(*) FROM title t,movie_info mi,movie_info_idx mi_idx WHERE t.id=mi.movie_id AND t.id=mi_idx.movie_id AND t.kind_id=7",3633744
SELECT COUNT(*) FROM title t WHERE t.kind_id=7 AND t.production_year>2007,518327
SELECT COUNT(*) FROM cast_info ci WHERE ci.person_id<1957527,19545869
"SELECT COUNT(*) FROM title t,movie_info mi,movie_keyword mk WHERE t.id=mi.movie_id AND t.id=mk.movie_id AND t.kind_id>1 AND t.production_year=1988 AND mi.info_type_id<5",69264
"SELECT COUNT(*) FROM title t,movie_companies mc,movie_info mi,movie_keyword mk WHERE t.id=mc.movie_id AND t.id=mi.movie_id AND t.id=mk.movie_id AND t.production_year<2008 AND mc.company_id>5190 AND mc.company_type_id<2",1511778564
SELECT COUNT(*) FROM movie_info mi WHERE mi.info_type_id>16,2233850
SELECT COUNT(*) FROM title t WHERE t.kind_id=1 AND t.production_year<1997,353075
"SELECT COUNT(*) FROM title t,movie_companies mc,movie_info_idx mi_idx WHERE t.id=mc.movie_id AND t.id=mi_idx.movie_id AND mi_idx.info_type_id>99",2718195
"SELECT COUNT(*) FROM title t,movie_info mi,movie_info_idx mi_idx,movie_keyword mk WHERE t.id=mi.movie_id AND t.id=mi_idx.movie_id AND t.id=mk.movie_id AND mi.info_type_id<15 AND mi_idx.info_type_id<101 AND mk.keyword_id>34557",19225208
"SELECT COUNT(*) FROM title t,cast_info ci,movie_info mi,movie_info_idx mi_idx WHERE t.id=ci.movie_id AND t.id=mi.movie_id AND t.id=mi_idx.movie_id AND t.production_year<1966 AND mi.info_type_id=3 AND mi_idx.info_type_id<100",2377927
"SELECT COUNT(*) FROM title t,movie_companies mc,movie_keyword mk WHERE t.id=mc.movie_id AND t.id=mk.movie_id AND mc.company_id>1688 AND mc.company_type_id>1",7346931
"SELECT COUNT(*) FROM title t,cast_info ci,movie_info_idx mi_idx,movie_keyword mk WHERE t.id=ci.movie_id AND t.id=mi_idx.movie_id AND t.id=mk.movie_id AND ci.person_id<3686892 AND ci.role_id<3 AND mi_idx.info_type_id<100 AND mk.keyword_id<789",16433081
"SELECT COUNT(*) FROM title t,movie_keyword mk WHERE t.id=mk.movie_id AND mk.keyword_id<4089",2156169
"SELECT COUNT(*) FROM title t,movie_companies mc,cast_info ci,movie_keyword mk WHERE t.id=mc.movie_id AND t.id=ci.movie_id AND t.id=mk.movie_id AND t.kind_id=7 AND t.production_year>2012",1084056
"SELECT COUNT(*) FROM title t,movie_keyword mk WHERE t.id=mk.movie_id AND t.production_year=1998",89863
SELECT COUNT(*) FROM cast_info ci WHERE ci.role_id<2,12670688
"SELECT COUNT(*) FROM title t,movie_info_idx mi_idx WHERE t.id=mi_idx.movie_id AND mi_idx.info_type_id<100",459925
"SELECT COUNT(*) FROM title t,movie_info mi,movie_keyword mk WHERE t.id=mi.movie_id AND t.id=mk.movie_id AND mk.keyword_id=769",202649
SELECT COUNT(*) FROM movie_info mi WHERE mi.info_type_id<15,8966694
"SELECT COUNT(*) FROM title t,movie_info_idx mi_idx,movie_keyword mk WHERE t.id=mi_idx.movie_id AND t.id=mk.movie_id AND t.kind_id<7 AND t.production_year=1998 AND mk.keyword_id<2402",74468
"SELECT COUNT(*) FROM title t,movie_companies mc,cast_info ci,movie_info_idx mi_idx,movie_keyword mk WHERE t.id=mc.movie_id AND t.id=ci.movie_id AND t.id=mi_idx.movie_id AND t.id=mk.movie_id AND t.kind_id<2 AND mc.company_id>80011 AND ci.person_id=613664 AND ci.role_id=1",21
SELECT COUNT(*) FROM movie_keyword mk WHERE mk.keyword_id>1828,3143191
SELECT COUNT(*) FROM cast_info ci WHERE ci.person_id>880054,27301880
"SELECT COUNT(*) FROM title t,movie_info mi WHERE t.id=mi.movie_id AND t.kind_id>1 AND t.production_year=2003 AND mi.info_type_id>17",17266
"SELECT COUNT(*) FROM title t,movie_keyword mk WHERE t.id=mk.movie_id AND t.kind_id=7 AND t.production_year>1986 AND mk.keyword_id>1733",372207
SELECT COUNT(*) FROM title t WHERE t.kind_id=1 AND t.production_year<2002,391036
"SELECT COUNT(*) FROM title t,cast_info ci,movie_info mi WHERE t.id=ci.movie_id AND t.id=mi.movie_id AND t.kind_id<7 AND t.production_year>1993 AND ci.person_id>2542204",94864161
"SELECT COUNT(*) FROM title t,movie_info mi,movie_info_idx mi_idx,movie_keyword mk WHERE t.id=mi.movie_id AND t.id=mi_idx.movie_id AND t.id=mk.movie_id AND mi.info_type_id=3 AND mk.keyword_id>819",18938693
"SELECT COUNT(*) FROM title t,movie_companies mc,cast_info ci,movie_info mi,movie_keyword mk WHERE t.id=mc.movie_id AND t.id=ci.movie_id AND t.id=mi.movie_id AND t.id=mk.movie_id AND mi.info_type_id<6",77646617468
"SELECT COUNT(*) FROM title t,movie_companies mc,movie_info mi WHERE t.id=mc.movie_id AND t.id=mi.movie_id AND t.kind_id<7 AND t.production_year=2007 AND mc.company_type_id>1 AND mi.info_type_id>16",186944
"SELECT COUNT(*) FROM title t,movie_keyword mk WHERE t.id=mk.movie_id AND t.kind_id>1 AND t.production_year<2007",1143082
SELECT COUNT(*) FROM movie_info_idx mi_idx WHERE mi_idx.info_type_id=100,459925
"SELECT COUNT(*) FROM title t,cast_info ci,movie_info mi,movie_info_idx mi_idx,movie_keyword mk WHERE t.id=ci.movie_id AND t.id=mi.movie_id AND t.id=mi_idx.movie_id AND t.id=mk.movie_id AND ci.person_id=2029088 AND mi.info_type_id>13 AND mi_idx.info_type_id=99",11
"SELECT COUNT(*) FROM title t,movie_keyword mk WHERE t.id=mk.movie_id AND t.production_year=2001 AND mk.keyword_id>16999",24692
"SELECT COUNT(*) FROM title t,movie_info mi WHERE t.id=mi.movie_id AND t.production_year<2012",13794786
"SELECT COUNT(*) FROM title t,movie_companies mc WHERE t.id=mc.movie_id AND t.production_year>1963 AND mc.company_id<19",60892
SELECT COUNT(*) FROM movie_info mi WHERE mi.info_type_id<16,9565151
"SELECT COUNT(*) FROM title t,cast_info ci,movie_info_idx mi_idx WHERE t.id=ci.movie_id AND t.id=mi_idx.movie_id AND t.production_year>1981 AND ci.person_id<413342 AND mi_idx.info_type_id=100",1245336
"SELECT COUNT(*) FROM title t,movie_companies mc,movie_info mi,movie_info_idx mi_idx,movie_keyword mk WHERE t.id=mc.movie_id AND t.id=mi.movie_id AND t.id=mi_idx.movie_id AND t.id=mk.movie_id AND t.production_year<2011 AND mc.company_id>1060 AND mk.keyword_id<31445",9711831379
"SELECT COUNT(*) FROM title t,movie_companies mc,movie_info mi,movie_info_idx mi_idx WHERE t.id=mc.movie_id AND t.id=mi.movie_id AND t.id=mi_idx.movie_id AND mc.company_id<11369 AND mi.info_type_id>107",1705009
"SELECT COUNT(*) FROM title t,movie_companies mc WHERE t.id=mc.movie_id AND t.kind_id<7 AND t.production_year=2006 AND mc.company_id<79751 AND mc.company_type_id>1",20567
"SELECT COUNT(*) FROM title t,movie_companies mc,movie_keyword mk WHERE t.id=mc.movie_id AND t.id=mk.movie_id AND mc.company_id>13331 AND mk.keyword_id=115",8910
"SELECT COUNT(*) FROM title t,movie_companies mc,movie_info mi,movie_info_idx mi_idx,movie_keyword mk WHERE t.id=mc.movie_id AND t.id=mi.movie_id AND t.id=mi_idx.movie_id AND t.id=mk.movie_id AND mc.company_id<5569 AND mc.company_type_id=1 AND mi.info_type_id>1 AND mi_idx.info_type_id=99 AND mk.keyword_id<10833",1360323800
"SELECT COUNT(*) FROM title t,movie_companies mc WHERE t.id=mc.movie_id AND t.production_year<2009",2059977
"SELECT COUNT(*) FROM title t,movie_keyword mk WHERE t.id=mk.movie_id AND t.kind_id=1",2886675
"SELECT COUNT(*) FROM title t,movie_companies mc WHERE t.id=mc.movie_id AND t.production_year>2006 AND mc.company_id<190835",709105
"SELECT COUNT(*) FROM title t,movie_info mi,movie_keyword mk WHERE t.id=mi.movie_id AND t.id=mk.movie_id AND t.kind_id<7 AND mi.info_type_id<16 AND mk.keyword_id<7565",63092691
"SELECT COUNT(*) FROM title t,movie_info mi,movie_info_idx mi_idx,movie_keyword mk WHERE t.id=mi.movie_id AND t.id=mi_idx.movie_id AND t.id=mk.movie_id AND t.kind_id=7 AND t.production_year=2001 AND mi_idx.info_type_id>100 AND mk.keyword_id<78213",89132
"SELECT COUNT(*) FROM title t,movie_companies mc,cast_info ci,movie_info mi WHERE t.id=mc.movie_id AND t.id=ci.movie_id AND t.id=mi.movie_id AND t.kind_id<7 AND t.production_year=1959 AND mc.company_id=7851 AND mc.company_type_id<2 AND mi.info_type_id>9",224
"SELECT COUNT(*) FROM title t,movie_info mi WHERE t.id=mi.movie_id AND mi.info_type_id<7",5884963
"SELECT COUNT(*) FROM title t,movie_info_idx mi_idx,movie_keyword mk WHERE t.id=mi_idx.movie_id AND t.id=mk.movie_id AND t.kind_id=1",7549165
"SELECT COUNT(*) FROM title t,movie_info mi,movie_info_idx mi_idx,movie_keyword mk WHERE t.id=mi.movie_id AND t.id=mi_idx.movie_id AND t.id=mk.movie_id AND mi.info_type_id<7",130442932
"SELECT COUNT(*) FROM title t,cast_info ci,movie_info mi,movie_keyword mk WHERE t.id=ci.movie_id AND t.id=mi.movie_id AND t.id=mk.movie_id AND t.production_year<2011 AND ci.person_id<3035842 AND ci.role_id>10",115283980
"SELECT COUNT(*) FROM title t,movie_companies mc,cast_info ci,movie_info_idx mi_idx,movie_keyword mk WHERE t.id=mc.movie_id AND t.id=ci.movie_id AND t.id=mi_idx.movie_id AND t.id=mk.movie_id AND mc.company_type_id=2",1802370764
"SELECT COUNT(*) FROM title t,movie_info mi WHERE t.id=mi.movie_id AND t.kind_id=7 AND mi.info_type_id=6",127537
SELECT COUNT(*) FROM movie_keyword mk WHERE mk.keyword_id>74318,145378
"SELECT COUNT(*) FROM title t,movie_companies mc,cast_info ci,movie_info mi,movie_keyword mk WHERE t.id=mc.movie_id AND t.id=ci.movie_id AND t.id=mi.movie_id AND t.id=mk.movie_id AND mi.info_type_id<8",108291310961
"SELECT COUNT(*) FROM title t,movie_companies mc,movie_info mi,movie_info_idx mi_idx,movie_keyword mk WHERE t.id=mc.movie_id AND t.id=mi.movie_id AND t.id=mi_idx.movie_id AND t.id=mk.movie_id AND t.kind_id=7 AND t.production_year>2004 AND mi_idx.info_type_id<101 AND mk.keyword_id<44523",36222852
"SELECT COUNT(*) FROM title t,movie_keyword mk WHERE t.id=mk.movie_id AND t.production_year<1946",440186
SELECT COUNT(*) FROM cast_info ci WHERE ci.person_id<3002411,29688397
"SELECT COUNT(*) FROM title t,movie_companies mc,cast_info ci,movie_info mi WHERE t.id=mc.movie_id AND t.id=ci.movie_id AND t.id=mi.movie_id AND ci.person_id>1021231 AND ci.role_id<10 AND mi.info_type_id=2",38082448
"SELECT COUNT(*) FROM title t,movie_info mi WHERE t.id=mi.movie_id AND t.kind_id<7 AND t.production_year<2005",6951968
"SELECT COUNT(*) FROM title t,movie_keyword mk WHERE t.id=mk.movie_id AND t.production_year<2012 AND mk.keyword_id=14698",38
"SELECT COUNT(*) FROM title t,movie_info mi,movie_keyword mk WHERE t.id=mi.movie_id AND t.id=mk.movie_id AND mi.info_type_id>8 AND mk.keyword_id>10225",60614648
"SELECT COUNT(*) FROM title t,movie_companies mc,cast_info ci,movie_info mi,movie_info_idx mi_idx WHERE t.id=mc.movie_id AND t.id=ci.movie_id AND t.id=mi.movie_id AND t.id=mi_idx.movie_id AND t.kind_id=1 AND t.production_year=1979 AND mc.company_id>8488 AND ci.person_id>1502694 AND ci.role_id>1 AND mi.info_type_id=8 AND mi_idx.info_type_id=101",84804
"SELECT COUNT(*) FROM title t,movie_companies mc,cast_info ci,movie_info mi,movie_keyword mk WHERE t.id=mc.movie_id AND t.id=ci.movie_id AND t.id=mi.movie_id AND t.id=mk.movie_id AND ci.person_id<2894607 AND mi.info_type_id<2",3056510643
"SELECT COUNT(*) FROM title t,movie_info_idx mi_idx,movie_keyword mk WHERE t.id=mi_idx.movie_id AND t.id=mk.movie_id AND t.production_year=1970 AND mi_idx.info_type_id>100 AND mk.keyword_id>54529",1613
"SELECT COUNT(*) FROM title t,movie_info mi WHERE t.id=mi.movie_id AND t.production_year>1998 AND mi.info_type_id>103",363871
"SELECT COUNT(*) FROM title t,movie_companies mc,cast_info ci,movie_keyword mk WHERE t.id=mc.movie_id AND t.id=ci.movie_id AND t.id=mk.movie_id AND mc.company_id>2561 AND ci.person_id>607862 AND ci.role_id<2 AND mk.keyword_id<1724",107808154
"SELECT COUNT(*) FROM title t,cast_info ci,movie_info mi,movie_keyword mk WHERE t.id=ci.movie_id AND t.id=mi.movie_id AND t.id=mk.movie_id AND ci.role_id<4 AND mi.info_type_id>4",12318091961
"SELECT COUNT(*) FROM title t,cast_info ci,movie_info mi WHERE t.id=ci.movie_id AND t.id=mi.movie_id AND ci.person_id>2861977 AND ci.role_id=8",3927958
"SELECT COUNT(*) FROM title t,cast_info ci,movie_info_idx mi_idx,movie_keyword mk WHERE t.id=ci.movie_id AND t.id=mi_idx.movie_id AND t.id=mk.movie_id AND ci.person_id<1855596 AND mk.keyword_id>7024",140436498
SELECT COUNT(*) FROM cast_info ci WHERE ci.role_id<8,28808107
"SELECT COUNT(*) FROM title t,movie_companies mc,movie_info_idx mi_idx,movie_keyword mk WHERE t.id=mc.movie_id AND t.id=mi_idx.movie_id AND t.id=mk.movie_id AND mc.company_type_id<2 AND mi_idx.info_type_id>99 AND mk.keyword_id>845",44243491
"SELECT COUNT(*) FROM title t,cast_info ci,movie_info mi,movie_info_idx mi_idx WHERE t.id=ci.movie_id AND t.id=mi.movie_id AND t.id=mi_idx.movie_id AND mi.info_type_id=6 AND mi_idx.info_type_id>99",15358920
"SELECT COUNT(*) FROM title t,cast_info ci,movie_info_idx mi_idx WHERE t.id=ci.movie_id AND t.id=mi_idx.movie_id AND ci.person_id<3157904 AND mi_idx.info_type_id=99",11460602
"SELECT COUNT(*) FROM title t,movie_companies mc,cast_info ci,movie_info_idx mi_idx,movie_keyword mk WHERE t.id=mc.movie_id AND t.id=ci.movie_id AND t.id=mi_idx.movie_id AND t.id=mk.movie_id AND mc.company_type_id=1 AND mi_idx.info_type_id<101 AND mk.keyword_id=74852",27378
"SELECT COUNT(*) FROM title t,movie_keyword mk WHERE t.id=mk.movie_id AND t.kind_id<7 AND mk.keyword_id>7677",1526625
"SELECT COUNT(*) FROM title t,movie_companies mc,cast_info ci,movie_info_idx mi_idx,movie_keyword mk WHERE t.id=mc.movie_id AND t.id=ci.movie_id AND t.id=mi_idx.movie_id AND t.id=mk.movie_id AND t.kind_id<7",9202049281
"SELECT COUNT(*) FROM title t,movie_companies mc,cast_info ci,movie_keyword mk WHERE t.id=mc.movie_id AND t.id=ci.movie_id AND t.id=mk.movie_id AND t.production_year<2005 AND ci.person_id<2537845 AND ci.role_id=1 AND mk.keyword_id=7633",717716
SELECT COUNT(*) FROM title t WHERE t.kind_id>4 AND t.production_year<2005,747613
"SELECT COUNT(*) FROM title t,movie_info mi,movie_keyword mk WHERE t.id=mi.movie_id AND t.id=mk.movie_id AND mi.info_type_id>15",121680445
SELECT COUNT(*) FROM movie_companies mc WHERE mc.company_id<241,396930
"SELECT COUNT(*) FROM title t,movie_companies mc,cast_info ci,movie_info mi,movie_info_idx mi_idx WHERE t.id=mc.movie_id AND t.id=ci.movie_id AND t.id=mi.movie_id AND t.id=mi_idx.movie_id AND t.kind_id=1 AND ci.person_id>813072 AND ci.role_id=1 AND mi_idx.info_type_id=99",885081741
SELECT COUNT(*) FROM cast_info ci WHERE ci.person_id=3374181 AND ci.role_id>2,1
"SELECT COUNT(*) FROM title t,movie_companies mc,movie_keyword mk WHERE t.id=mc.movie_id AND t.id=mk.movie_id AND mk.keyword_id=39091",28
SELECT COUNT(*) FROM cast_info ci WHERE ci.person_id>820744 AND ci.role_id<9,22605471
"SELECT COUNT(*) FROM title t,movie_keyword mk WHERE t.id=mk.movie_id AND t.production_year<1952 AND mk.keyword_id=137",3461
SELECT COUNT(*) FROM movie_companies mc WHERE mc.company_id>89250,340301
"SELECT COUNT(*) FROM title t,movie_info_idx mi_idx WHERE t.id=mi_idx.movie_id AND t.kind_id>3 AND t.production_year>2006 AND mi_idx.info_type_id=99",52749
"SELECT COUNT(*) FROM title t,movie_companies mc,cast_info ci,movie_info_idx mi_idx WHERE t.id=mc.movie_id AND t.id=ci.movie_id AND t.id=mi_idx.movie_id AND t.production_year<2012 AND mc.company_id>65820 AND mc.company_type_id>1",30764058
SELECT COUNT(*) FROM movie_companies mc WHERE mc.company_id<18965,1667568
SELECT COUNT(*) FROM movie_companies mc WHERE mc.company_type_id=2,1334883
"SELECT COUNT(*) FROM title t,cast_info ci,movie_info mi,movie_keyword mk WHERE t.id=ci.movie_id AND t.id=mi.movie_id AND t.id=mk.movie_id AND t.kind_id=7 AND t.production_year<2011 AND ci.person_id>2989235",56992293
"SELECT COUNT(*) FROM title t,movie_companies mc WHERE t.id=mc.movie_id AND t.production_year<1994 AND mc.company_id<14821",728512
"SELECT COUNT(*) FROM title t,cast_info ci,movie_info mi WHERE t.id=ci.movie_id AND t.id=mi.movie_id AND t.production_year<1967 AND mi.info_type_id>4",43289689
SELECT COUNT(*) FROM movie_companies mc WHERE mc.company_id<11385 AND mc.company_type_id>1,432142
"SELECT COUNT(*) FROM title t,movie_companies mc,movie_keyword mk WHERE t.id=mc.movie_id AND t.id=mk.movie_id AND t.production_year<1990",11847782
"SELECT COUNT(*) FROM title t,movie_companies mc,movie_info mi,movie_info_idx mi_idx,movie_keyword mk WHERE t.id=mc.movie_id AND t.id=mi.movie_id AND t.id=mi_idx.movie_id AND t.id=mk.movie_id AND mc.company_id>11203 AND mc.company_type_id=2 AND mi.info_type_id=8 AND mi_idx.info_type_id=101 AND mk.keyword_id=52288",24
"SELECT COUNT(*) FROM title t,movie_keyword mk WHERE t.id=mk.movie_id AND t.production_year>2004 AND mk.keyword_id<4297",687170
SELECT COUNT(*) FROM cast_info ci WHERE ci.role_id>2,16121683
"SELECT COUNT(*) FROM title t,movie_companies mc,cast_info ci,movie_info mi,movie_keyword mk WHERE t.id=mc.movie_id AND t.id=ci.movie_id AND t.id=mi.movie_id AND t.id=mk.movie_id AND t.kind_id=7 AND mi.info_type_id<4",151500369
"SELECT COUNT(*) FROM title t,movie_companies mc,movie_info_idx mi_idx WHERE t.id=mc.movie_id AND t.id=mi_idx.movie_id AND t.kind_id<7 AND t.production_year>2007 AND mc.company_id<91092 AND mc.company_type_id=1",344882
"SELECT COUNT(*) FROM title t,movie_companies mc WHERE t.id=mc.movie_id AND t.production_year>1984 AND mc.company_id<7179 AND mc.company_type_id=2",221798
SELECT COUNT(*) FROM movie_info mi WHERE mi.info_type_id=16,3036719
"SELECT COUNT(*) FROM title t,movie_companies mc,movie_info_idx mi_idx,movie_keyword mk WHERE t.id=mc.movie_id AND t.id=mi_idx.movie_id AND t.id=mk.movie_id AND t.production_year=1990 AND mc.company_type_id<2 AND mi_idx.info_type_id=100",299494
SELECT COUNT(*) FROM movie_keyword mk WHERE mk.keyword_id>3365,2576640
"SELECT COUNT(*) FROM title t,cast_info ci,movie_keyword mk WHERE t.id=ci.movie_id AND t.id=mk.movie_id AND ci.person_id<571794 AND ci.role_id<2 AND mk.keyword_id<7820",16159297
"SELECT COUNT(*) FROM title t,cast_info ci,movie_info mi WHERE t.id=ci.movie_id AND t.id=mi.movie_id AND t.kind_id>1 AND ci.person_id<3326509 AND ci.role_id<2 AND mi.info_type_id<16",28697712
"SELECT COUNT(*) FROM title t,movie_info mi,movie_info_idx mi_idx WHERE t.id=mi.movie_id AND t.id=mi_idx.movie_id AND mi_idx.info_type_id=100",6930334
"SELECT COUNT(*) FROM title t,movie_companies mc,cast_info ci,movie_info_idx mi_idx,movie_keyword mk WHERE t.id=mc.movie_id AND t.id=ci.movie_id AND t.id=mi_idx.movie_id AND t.id=mk.movie_id AND t.kind_id=7 AND t.production_year<1953 AND ci.person_id>335383 AND ci.role_id=5 AND mi_idx.info_type_id>99 AND mk.keyword_id>6898",3212
"SELECT COUNT(*) FROM title t,cast_info ci WHERE t.id=ci.movie_id AND ci.person_id<2681287 AND ci.role_id=1",12670688
"SELECT COUNT(*) FROM title t,movie_info mi,movie_info_idx mi_idx,movie_keyword mk WHERE t.id=mi.movie_id AND t.id=mi_idx.movie_id AND t.id=mk.movie_id AND t.kind_id=1 AND mk.keyword_id=1118",124927
SELECT COUNT(*) FROM movie_info mi WHERE mi.info_type_id=2,1288928
"SELECT COUNT(*) FROM title t,movie_info_idx mi_idx WHERE t.id=mi_idx.movie_id AND t.kind_id<7",954317
SELECT COUNT(*) FROM movie_keyword mk WHERE mk.keyword_id=4964,1068
SELECT COUNT(*) FROM movie_companies mc WHERE mc.company_id=81280 AND mc.company_type_id>1,6
"SELECT COUNT(*) FROM title t,movie_companies mc,movie_info mi,movie_info_idx mi_idx,movie_keyword mk WHERE t.id=mc.movie_id AND t.id=mi.movie_id AND t.id=mi_idx.movie_id AND t.id=mk.movie_id AND mc.company_id>34 AND mc.company_type_id<2 AND mi_idx.info_type_id>99 AND mk.keyword_id<335",502001560
"SELECT COUNT(*) FROM title t,movie_keyword mk WHERE t.id=mk.movie_id AND mk.keyword_id>20319",931394
SELECT COUNT(*) FROM movie_companies mc WHERE mc.company_id>10585,1415641
SELECT COUNT(*) FROM movie_keyword mk WHERE mk.keyword_id=16141,1768
"SELECT COUNT(*) FROM title t,movie_companies mc,movie_info_idx mi_idx,movie_keyword mk WHERE t.id=mc.movie_id AND t.id=mi_idx.movie_id AND t.id=mk.movie_id AND t.kind_id<7 AND mi_idx.info_type_id=99",31857545
"SELECT COUNT(*) FROM title t,cast_info ci,movie_keyword mk WHERE t.id=ci.movie_id AND t.id=mk.movie_id AND t.production_year=2000 AND ci.person_id<2338395",3436506
"SELECT COUNT(*) FROM title t,cast_info ci,movie_info_idx mi_idx,movie_keyword mk WHERE t.id=ci.movie_id AND t.id=mi_idx.movie_id AND t.id=mk.movie_id AND t.kind_id<4 AND ci.person_id<1554285 AND ci.role_id<3",177680094
"SELECT COUNT(*) FROM title t,movie_info_idx mi_idx WHERE t.id=mi_idx.movie_id AND t.kind_id=7 AND t.production_year>2007",115854
"SELECT COUNT(*) FROM title t,movie_companies mc,cast_info ci,movie_info_idx mi_idx,movie_keyword mk WHERE t.id=mc.movie_id AND t.id=ci.movie_id AND t.id=mi_idx.movie_id AND t.id=mk.movie_id AND t.kind_id<7 AND mc.company_id<52087 AND ci.person_id<158834 AND ci.role_id>1",109819837
"SELECT COUNT(*) FROM title t,movie_info mi,movie_info_idx mi_idx,movie_keyword mk WHERE t.id=mi.movie_id AND t.id=mi_idx.movie_id AND t.id=mk.movie_id AND mi_idx.info_type_id>100",242786845
SELECT COUNT(*) FROM movie_companies mc WHERE mc.company_id=6 AND mc.company_type_id>1,6578
"SELECT COUNT(*) FROM title t,cast_info ci,movie_info_idx mi_idx WHERE t.id=ci.movie_id AND t.id=mi_idx.movie_id AND t.kind_id=7 AND ci.person_id>1187578 AND ci.role_id<11",10068462
"SELECT COUNT(*) FROM title t,movie_companies mc,movie_info mi,movie_info_idx mi_idx,movie_keyword mk WHERE t.id=mc.movie_id AND t.id=mi.movie_id AND t.id=mi_idx.movie_id AND t.id=mk.movie_id AND mc.company_type_id=2 AND mi.info_type_id=8 AND mi_idx.info_type_id<100",12033433
"SELECT COUNT(*) FROM title t,cast_info ci,movie_info_idx mi_idx,movie_keyword mk WHERE t.id=ci.movie_id AND t.id=mi_idx.movie_id AND t.id=mk.movie_id AND mi_idx.info_type_id<100",200542501
"SELECT COUNT(*) FROM title t,movie_info mi,movie_keyword mk WHERE t.id=mi.movie_id AND t.id=mk.movie_id",235420417
"SELECT COUNT(*) FROM title t,cast_info ci,movie_info mi,movie_info_idx mi_idx WHERE t.id=ci.movie_id AND t.id=mi.movie_id AND t.id=mi_idx.movie_id AND t.kind_id=3 AND t.production_year<1960 AND ci.role_id>2 AND mi.info_type_id>2",46899
"SELECT COUNT(*) FROM title t,movie_info_idx mi_idx WHERE t.id=mi_idx.movie_id AND mi_idx.info_type_id=99",459925
SELECT COUNT(*) FROM movie_keyword mk WHERE mk.keyword_id>261,4200194
"SELECT COUNT(*) FROM title t,cast_info ci WHERE t.id=ci.movie_id",36244344
"SELECT COUNT(*) FROM title t,cast_info ci,movie_keyword mk WHERE t.id=ci.movie_id AND t.id=mk.movie_id AND mk.keyword_id=33156",763
"SELECT COUNT(*) FROM title t,movie_keyword mk WHERE t.id=mk.movie_id AND mk.keyword_id>315",4169130
"SELECT COUNT(*) FROM title t,cast_info ci,movie_info_idx mi_idx WHERE t.id=ci.movie_id AND t.id=mi_idx.movie_id AND t.kind_id<7 AND t.production_year>2012 AND ci.person_id<441861",25626
"SELECT COUNT(*) FROM title t,movie_info mi WHERE t.id=mi.movie_id AND t.kind_id<7 AND mi.info_type_id=16",1394915
"SELECT COUNT(*) FROM title t,movie_companies mc,movie_info mi,movie_keyword mk WHERE t.id=mc.movie_id AND t.id=mi.movie_id AND t.id=mk.movie_id AND mi.info_type_id>4 AND mk.keyword_id=51157",45071
"SELECT COUNT(*) FROM title t,cast_info ci,movie_info_idx mi_idx,movie_keyword mk WHERE t.id=ci.movie_id AND t.id=mi_idx.movie_id AND t.id=mk.movie_id AND ci.role_id=3",43343044
"SELECT COUNT(*) FROM title t,movie_companies mc WHERE t.id=mc.movie_id AND t.production_year<1984 AND mc.company_id=1129",735
"SELECT COUNT(*) FROM title t,movie_keyword mk WHERE t.id=mk.movie_id AND mk.keyword_id<7511",2678174
SELECT COUNT(*) FROM movie_companies mc WHERE mc.company_type_id>1,1334883
"SELECT COUNT(*) FROM title t,cast_info ci,movie_info mi,movie_info_idx mi_idx WHERE t.id=ci.movie_id AND t.id=mi.movie_id AND t.id=mi_idx.movie_id AND ci.person_id<2887164 AND ci.role_id>1 AND mi_idx.info_type_id=100",144474509
SELECT COUNT(*) FROM cast_info ci WHERE ci.person_id>2814165,8770614
"SELECT COUNT(*) FROM title t,movie_companies mc,movie_keyword mk WHERE t.id=mc.movie_id AND t.id=mk.movie_id AND t.production_year<2013 AND mc.company_id<4226 AND mc.company_type_id=2 AND mk.keyword_id=2198",149
"SELECT COUNT(*) FROM title t,movie_info_idx mi_idx WHERE t.id=mi_idx.movie_id AND t.production_year<2012 AND mi_idx.info_type_id=101",436710
"SELECT COUNT(*) FROM title t,movie_info mi WHERE t.id=mi.movie_id AND mi.info_type_id<2",802140
"SELECT COUNT(*) FROM title t,movie_companies mc,movie_info mi,movie_info_idx mi_idx WHERE t.id=mc.movie_id AND t.id=mi.movie_id AND t.id=mi_idx.movie_id AND t.kind_id=1 AND t.production_year<1995 AND mc.company_id>1736 AND mi_idx.info_type_id>99",26591968
"SELECT COUNT(*) FROM title t,movie_companies mc,cast_info ci,movie_keyword mk WHERE t.id=mc.movie_id AND t.id=ci.movie_id AND t.id=mk.movie_id AND t.kind_id=1 AND ci.person_id=1675060 AND ci.role_id=1",2
"SELECT COUNT(*) FROM title t,movie_info mi WHERE t.id=mi.movie_id AND t.kind_id<7 AND t.production_year>2007 AND mi.info_type_id>8",943298
SELECT COUNT(*) FROM movie_companies mc WHERE mc.company_id=16041 AND mc.company_type_id=1,176
"SELECT COUNT(*) FROM title t,movie_info mi,movie_keyword mk WHERE t.id=mi.movie_id AND t.id=mk.movie_id AND t.kind_id>2 AND mi.info_type_id=2",1226219
"SELECT COUNT(*) FROM title t,movie_companies mc WHERE t.id=mc.movie_id AND t.production_year>2005",829639
"SELECT COUNT(*) FROM title t,movie_companies mc,cast_info ci,movie_info_idx mi_idx WHERE t.id=mc.movie_id AND t.id=ci.movie_id AND t.id=mi_idx.movie_id AND t.kind_id=7 AND t.production_year>2006 AND mc.company_id=19 AND ci.person_id<493729 AND ci.role_id=1",24879
"SELECT COUNT(*) FROM title t,cast_info ci,movie_info mi,movie_info_idx mi_idx,movie_keyword mk WHERE t.id=ci.movie_id AND t.id=mi.movie_id AND t.id=mi_idx.movie_id AND t.id=mk.movie_id AND ci.person_id<1015782 AND ci.role_id<2 AND mi.info_type_id<16",6901212690
"SELECT COUNT(*) FROM title t,movie_companies mc,movie_info mi,movie_info_idx mi_idx WHERE t.id=mc.movie_id AND t.id=mi.movie_id AND t.id=mi_idx.movie_id AND mi_idx.info_type_id<101",115968104
"SELECT COUNT(*) FROM title t,movie_companies mc,movie_keyword mk WHERE t.id=mc.movie_id AND t.id=mk.movie_id AND mc.company_id<217207 AND mc.company_type_id=1 AND mk.keyword_id>10495",9094502
"SELECT COUNT(*) FROM title t,movie_info_idx mi_idx WHERE t.id=mi_idx.movie_id AND t.kind_id<7 AND t.production_year<1984 AND mi_idx.info_type_id>101",120
"SELECT COUNT(*) FROM title t,cast_info ci,movie_info_idx mi_idx WHERE t.id=ci.movie_id AND t.id=mi_idx.movie_id AND t.kind_id=7 AND t.production_year<2008",10216806
"SELECT COUNT(*) FROM title t,movie_companies mc,movie_info mi,movie_info_idx mi_idx WHERE t.id=mc.movie_id AND t.id=mi.movie_id AND t.id=mi_idx.movie_id AND mc.company_id=21738 AND mc.company_type_id=1",42
"SELECT COUNT(*) FROM title t,movie_companies mc,movie_info mi,movie_keyword mk WHERE t.id=mc.movie_id AND t.id=mi.movie_id AND t.id=mk.movie_id AND mi.info_type_id<3 AND mk.keyword_id<7637",48515468
"SELECT COUNT(*) FROM title t,movie_companies mc,cast_info ci,movie_info mi WHERE t.id=mc.movie_id AND t.id=ci.movie_id AND t.id=mi.movie_id AND t.production_year=1977 AND mi.info_type_id<4",1644741
"SELECT COUNT(*) FROM title t,movie_companies mc,movie_info mi,movie_info_idx mi_idx,movie_keyword mk WHERE t.id=mc.movie_id AND t.id=mi.movie_id AND t.id=mi_idx.movie_id AND t.id=mk.movie_id AND mc.company_id>33285 AND mc.company_type_id>1 AND mi.info_type_id<13 AND mk.keyword_id>3921",182347075
"SELECT COUNT(*) FROM title t,movie_companies mc,movie_info mi WHERE t.id=mc.movie_id AND t.id=mi.movie_id AND t.kind_id>3 AND t.production_year=2007 AND mc.company_id<6 AND mi.info_type_id>16",211
"SELECT COUNT(*) FROM title t,movie_companies mc,cast_info ci,movie_info mi WHERE t.id=mc.movie_id AND t.id=ci.movie_id AND t.id=mi.movie_id AND t.kind_id<7 AND mc.company_id>6227 AND mc.company_type_id>1",782709780
SELECT COUNT(*) FROM cast_info ci WHERE ci.person_id<1139765 AND ci.role_id=4,813698
"SELECT COUNT(*) FROM title t,cast_info ci,movie_info_idx mi_idx WHERE t.id=ci.movie_id AND t.id=mi_idx.movie_id AND t.kind_id=2 AND mi_idx.info_type_id=100",498621
SELECT COUNT(*) FROM movie_info mi WHERE mi.info_type_id=7,1401902
SELECT COUNT(*) FROM title t WHERE t.production_year=1984,16571
"SELECT COUNT(*) FROM title t,movie_info_idx mi_idx,movie_keyword mk WHERE t.id=mi_idx.movie_id AND t.id=mk.movie_id AND t.production_year=2004 AND mi_idx.info_type_id=100 AND mk.keyword_id=57196",1
SELECT COUNT(*) FROM movie_info mi WHERE mi.info_type_id=5,486554
"SELECT COUNT(*) FROM title t,cast_info ci,movie_info mi WHERE t.id=ci.movie_id AND t.id=mi.movie_id AND t.kind_id>1 AND t.production_year>2008 AND ci.person_id>2289189 AND mi.info_type_id=5",410328
"SELECT COUNT(*) FROM title t,movie_companies mc,cast_info ci WHERE t.id=mc.movie_id AND t.id=ci.movie_id AND mc.company_id<1886",27039480
"SELECT COUNT(*) FROM title t,cast_info ci,movie_info mi,movie_info_idx mi_idx WHERE t.id=ci.movie_id AND t.id=mi.movie_id AND t.id=mi_idx.movie_id AND t.kind_id=7 AND t.production_year>1996 AND ci.person_id>2375987 AND ci.role_id=3 AND mi.info_type_id<17 AND mi_idx.info_type_id<101",5500892
"SELECT COUNT(*) FROM title t,movie_info mi,movie_info_idx mi_idx WHERE t.id=mi.movie_id AND t.id=mi_idx.movie_id AND t.kind_id=7 AND mi.info_type_id>5 AND mi_idx.info_type_id<101",1866714
"SELECT COUNT(*) FROM title t,movie_companies mc,cast_info ci,movie_info mi WHERE t.id=mc.movie_id AND t.id=ci.movie_id AND t.id=mi.movie_id AND mc.company_id<708 AND ci.person_id<3036144 AND ci.role_id>3",236669097
"SELECT COUNT(*) FROM title t,movie_info mi,movie_info_idx mi_idx,movie_keyword mk WHERE t.id=mi.movie_id AND t.id=mi_idx.movie_id AND t.id=mk.movie_id AND t.production_year>2011",14848189
"SELECT COUNT(*) FROM title t,movie_companies mc WHERE t.id=mc.movie_id AND t.production_year>1984 AND mc.company_type_id=1",785208
"SELECT COUNT(*) FROM title t,movie_companies mc,movie_info mi,movie_info_idx mi_idx,movie_keyword mk WHERE t.id=mc.movie_id AND t.id=mi.movie_id AND t.id=mi_idx.movie_id AND t.id=mk.movie_id AND t.kind_id<3 AND mc.company_type_id<2 AND mk.keyword_id<1535",2675867885
"SELECT COUNT(*) FROM title t,movie_info mi,movie_info_idx mi_idx WHERE t.id=mi.movie_id AND t.id=mi_idx.movie_id AND t.kind_id>1",7246866
"SELECT COUNT(*) FROM title t,movie_info mi WHERE t.id=mi.movie_id AND t.kind_id=1 AND t.production_year<1948",1835628
SELECT COUNT(*) FROM movie_info_idx mi_idx WHERE mi_idx.info_type_id>101,260
"SELECT COUNT(*) FROM title t,movie_companies mc,movie_keyword mk WHERE t.id=mc.movie_id AND t.id=mk.movie_id AND t.kind_id<7 AND t.production_year>1984",23512458
SELECT COUNT(*) FROM movie_info mi WHERE mi.info_type_id=4,1298989
"SELECT COUNT(*) FROM title t,movie_info mi,movie_keyword mk WHERE t.id=mi.movie_id AND t.id=mk.movie_id AND t.kind_id<7 AND t.production_year<1960 AND mi.info_type_id<5 AND mk.keyword_id<2346",1333985
"SELECT COUNT(*) FROM title t,movie_info mi,movie_keyword mk WHERE t.id=mi.movie_id AND t.id=mk.movie_id AND t.kind_id=1 AND mk.keyword_id>2488",141280828
"SELECT COUNT(*) FROM title t,movie_companies mc,cast_info ci,movie_info_idx mi_idx,movie_keyword mk WHERE t.id=mc.movie_id AND t.id=ci.movie_id AND t.id=mi_idx.movie_id AND t.id=mk.movie_id AND mc.company_id=26870 AND mi_idx.info_type_id>100 AND mk.keyword_id>12102",41554
"SELECT COUNT(*) FROM title t,cast_info ci,movie_info mi,movie_info_idx mi_idx,movie_keyword mk WHERE t.id=ci.movie_id AND t.id=mi.movie_id AND t.id=mi_idx.movie_id AND t.id=mk.movie_id AND ci.person_id<463537 AND mi.info_type_id>16 AND mi_idx.info_type_id<101 AND mk.keyword_id<16037",1962041614
"SELECT COUNT(*) FROM title t,movie_info mi WHERE t.id=mi.movie_id AND t.kind_id=1 AND t.production_year=2010",378799
SELECT COUNT(*) FROM cast_info ci WHERE ci.person_id>2911291 AND ci.role_id>4,5637455
"SELECT COUNT(*) FROM title t,movie_info mi WHERE t.id=mi.movie_id AND t.kind_id=7 AND t.production_year<2002",2055671
"SELECT COUNT(*) FROM title t,movie_companies mc,movie_keyword mk WHERE t.id=mc.movie_id AND t.id=mk.movie_id",34863638
"SELECT COUNT(*) FROM title t,movie_info mi,movie_keyword mk WHERE t.id=mi.movie_id AND t.id=mk.movie_id AND mk.keyword_id=1749",347649
SELECT COUNT(*) FROM movie_companies mc WHERE mc.company_id=18737,29
SELECT COUNT(*) FROM movie_companies mc WHERE mc.company_type_id<2,1274246
"SELECT COUNT(*) FROM title t,movie_info_idx mi_idx WHERE t.id=mi_idx.movie_id AND mi_idx.info_type_id>100",460185
"SELECT COUNT(*) FROM title t,movie_info mi,movie_info_idx mi_idx WHERE t.id=mi.movie_id AND t.id=mi_idx.movie_id AND t.production_year=2004 AND mi_idx.info_type_id=99",259361
"SELECT COUNT(*) FROM title t,movie_companies mc,cast_info ci,movie_info_idx mi_idx,movie_keyword mk WHERE t.id=mc.movie_id AND t.id=ci.movie_id AND t.id=mi_idx.movie_id AND t.id=mk.movie_id AND t.kind_id>1 AND mc.company_type_id=2 AND ci.person_id>990535 AND ci.role_id=2 AND mi_idx.info_type_id=101",10919218
SELECT COUNT(*) FROM movie_keyword mk WHERE mk.keyword_id>398,3957660
"SELECT COUNT(*) FROM title t,movie_companies mc,cast_info ci,movie_info mi,movie_info_idx mi_idx WHERE t.id=mc.movie_id AND t.id=ci.movie_id AND t.id=mi.movie_id AND t.id=mi_idx.movie_id AND t.kind_id<7 AND t.production_year>2010 AND ci.person_id<614751 AND mi.info_type_id<16 AND mi_idx.info_type_id<100",30826466
"SELECT COUNT(*) FROM title t,movie_info mi WHERE t.id=mi.movie_id AND t.production_year>2003 AND mi.info_type_id<8",2591194
SELECT COUNT(*) FROM movie_companies mc WHERE mc.company_id<2609,877826
SELECT COUNT(*) FROM movie_keyword mk WHERE mk.keyword_id=1114,992
"SELECT COUNT(*) FROM title t,movie_info_idx mi_idx WHERE t.id=mi_idx.movie_id AND t.kind_id>1 AND mi_idx.info_type_id<100",250045
SELECT COUNT(*) FROM movie_info mi WHERE mi.info_type_id<13,8786582
"SELECT COUNT(*) FROM title t,movie_info_idx mi_idx,movie_keyword mk WHERE t.id=mi_idx.movie_id AND t.id=mk.movie_id AND t.kind_id<7 AND t.production_year=2010 AND mk.keyword_id<2849",102118
SELECT COUNT(*) FROM cast_info ci WHERE ci.person_id=983649 AND ci.role_id>2,127
"SELECT COUNT(*) FROM title t,movie_info mi,movie_info_idx mi_idx WHERE t.id=mi.movie_id AND t.id=mi_idx.movie_id AND mi_idx.info_type_id=101",6930334
"SELECT COUNT(*) FROM title t,movie_info mi WHERE t.id=mi.movie_id AND t.kind_id=1 AND t.production_year=2010 AND mi.info_type_id<4",140436
"SELECT COUNT(*) FROM title t,movie_info_idx mi_idx,movie_keyword mk WHERE t.id=mi_idx.movie_id AND t.id=mk.movie_id AND t.production_year=2008 AND mk.keyword_id>8583",159774
SELECT COUNT(*) FROM title t WHERE t.production_year>1990,1749032
SELECT COUNT(*) FROM cast_info ci WHERE ci.person_id<975780 AND ci.role_id=10,387833
"SELECT COUNT(*) FROM title t,cast_info ci WHERE t.id=ci.movie_id AND t.kind_id=7 AND t.production_year>2012 AND ci.person_id=802024 AND ci.role_id=1",8
"SELECT COUNT(*) FROM title t,movie_info mi,movie_keyword mk WHERE t.id=mi.movie_id AND t.id=mk.movie_id AND t.production_year>1991 AND mi.info_type_id>3 AND mk.keyword_id>13654",41255053
SELECT COUNT(*) FROM movie_info_idx mi_idx WHERE mi_idx.info_type_id=101,459925
"SELECT COUNT(*) FROM title t,movie_companies mc,cast_info ci,movie_info_idx mi_idx WHERE t.id=mc.movie_id AND t.id=ci.movie_id AND t.id=mi_idx.movie_id AND ci.person_id<3666974 AND ci.role_id>1",103184347
"SELECT COUNT(*) FROM title t,movie_companies mc,cast_info ci,movie_info_idx mi_idx WHERE t.id=mc.movie_id AND t.id=ci.movie_id AND t.id=mi_idx.movie_id AND ci.person_id>1148661 AND ci.role_id<2",21509570
"SELECT COUNT(*) FROM title t,movie_companies mc,cast_info ci,movie_info mi WHERE t.id=mc.movie_id AND t.id=ci.movie_id AND t.id=mi.movie_id AND t.production_year<2000 AND mc.company_id<1451 AND mc.company_type_id>1 AND ci.person_id<2800476",43462819
SELECT COUNT(*) FROM cast_info ci WHERE ci.person_id=3049090,13
SELECT COUNT(*) FROM movie_keyword mk WHERE mk.keyword_id=5703,243
"SELECT COUNT(*) FROM title t,movie_companies mc,movie_info mi,movie_info_idx mi_idx,movie_keyword mk WHERE t.id=mc.movie_id AND t.id=mi.movie_id AND t.id=mi_idx.movie_id AND t.id=mk.movie_id AND mi.info_type_id>8 AND mi_idx.info_type_id<100 AND mk.keyword_id>825",3350499434
"SELECT COUNT(*) FROM title t,movie_keyword mk WHERE t.id=mk.movie_id AND mk.keyword_id=4618",1365
SELECT COUNT(*) FROM title t WHERE t.production_year>1972,2046723
"SELECT COUNT(*) FROM title t,movie_companies mc WHERE t.id=mc.movie_id AND t.kind_id=1 AND t.production_year=2005",33733
"SELECT COUNT(*) FROM title t,movie_info mi WHERE t.id=mi.movie_id AND t.kind_id>1 AND mi.info_type_id>16",687938
"SELECT COUNT(*) FROM title t,movie_companies mc WHERE t.id=mc.movie_id AND t.production_year=2004",75723
"SELECT COUNT(*) FROM title t,movie_info mi WHERE t.id=mi.movie_id AND t.production_year>1986",9631551
"SELECT COUNT(*) FROM title t,movie_info_idx mi_idx WHERE t.id=mi_idx.movie_id AND t.kind_id=7 AND t.production_year<2009 AND mi_idx.info_type_id=101",109567
"SELECT COUNT(*) FROM title t,movie_companies mc,movie_info mi,movie_info_idx mi_idx,movie_keyword mk WHERE t.id=mc.movie_id AND t.id=mi.movie_id AND t.id=mi_idx.movie_id AND t.id=mk.movie_id AND t.production_year>2006 AND mk.keyword_id>3588",2404277796
"SELECT COUNT(*) FROM title t,movie_companies mc,cast_info ci,movie_keyword mk WHERE t.id=mc.movie_id AND t.id=ci.movie_id AND t.id=mk.movie_id AND t.kind_id<7 AND t.production_year=1993 AND mc.company_id>13255 AND mk.keyword_id>151",7924201
SELECT COUNT(*) FROM title t WHERE t.kind_id=7 AND t.production_year<1989,288892
"SELECT COUNT(*) FROM title t,movie_info_idx mi_idx WHERE t.id=mi_idx.movie_id AND mi_idx.info_type_id>101",260
"SELECT COUNT(*) FROM title t,cast_info ci WHERE t.id=ci.movie_id AND ci.role_id<9",30511650
"SELECT COUNT(*) FROM title t,movie_info mi,movie_info_idx mi_idx,movie_keyword mk WHERE t.id=mi.movie_id AND t.id=mi_idx.movie_id AND t.id=mk.movie_id AND t.kind_id<7 AND t.production_year>2010 AND mi.info_type_id=15 AND mi_idx.info_type_id=101",1117547
"SELECT COUNT(*) FROM title t,movie_companies mc,movie_info mi,movie_info_idx mi_idx WHERE t.id=mc.movie_id AND t.id=mi.movie_id AND t.id=mi_idx.movie_id AND t.production_year>2008 AND mc.company_type_id=1 AND mi.info_type_id=16 AND mi_idx.info_type_id<101",3363280
"SELECT COUNT(*) FROM title t,movie_companies mc WHERE t.id=mc.movie_id AND mc.company_id=14328 AND mc.company_type_id>1",1208
"SELECT COUNT(*) FROM title t,movie_info mi WHERE t.id=mi.movie_id AND mi.info_type_id=7",1401902
"SELECT COUNT(*) FROM title t,movie_companies mc,movie_info mi WHERE t.id=mc.movie_id AND t.id=mi.movie_id AND t.kind_id=7 AND t.production_year>2005 AND mc.company_type_id>1",968944
"SELECT COUNT(*) FROM title t,cast_info ci WHERE t.id=ci.movie_id AND ci.role_id>1",23573656
"SELECT COUNT(*) FROM title t,movie_companies mc,movie_info_idx mi_idx,movie_keyword mk WHERE t.id=mc.movie_id AND t.id=mi_idx.movie_id AND t.id=mk.movie_id AND mi_idx.info_type_id=99 AND mk.keyword_id=3305",4898
"SELECT COUNT(*) FROM title t,cast_info ci,movie_info mi,movie_info_idx mi_idx WHERE t.id=ci.movie_id AND t.id=mi.movie_id AND t.id=mi_idx.movie_id AND mi.info_type_id=4",40701900
"SELECT COUNT(*) FROM title t,movie_companies mc,cast_info ci,movie_info mi,movie_keyword mk WHERE t.id=mc.movie_id AND t.id=ci.movie_id AND t.id=mi.movie_id AND t.id=mk.movie_id AND t.production_year<2000 AND mc.company_id<127160 AND mc.company_type_id<2 AND ci.person_id<3521904 AND mi.info_type_id<16 AND mk.keyword_id>2375",43130516885
"SELECT COUNT(*) FROM title t,movie_companies mc,cast_info ci,movie_keyword mk WHERE t.id=mc.movie_id AND t.id=ci.movie_id AND t.id=mk.movie_id AND ci.person_id=1395474 AND ci.role_id>1 AND mk.keyword_id<3636",48
"SELECT COUNT(*) FROM title t,cast_info ci,movie_keyword mk WHERE t.id=ci.movie_id AND t.id=mk.movie_id AND t.kind_id=7 AND t.production_year<2010 AND ci.person_id>240473 AND ci.role_id=3",2255207
"SELECT COUNT(*) FROM title t,movie_keyword mk WHERE t.id=mk.movie_id AND t.kind_id>2 AND t.production_year=1979",6815
"SELECT COUNT(*) FROM title t,cast_info ci,movie_info mi,movie_info_idx mi_idx,movie_keyword mk WHERE t.id=ci.movie_id AND t.id=mi.movie_id AND t.id=mi_idx.movie_id AND t.id=mk.movie_id AND t.kind_id>2 AND ci.role_id=6",41263407
"SELECT COUNT(*) FROM title t,movie_companies mc,movie_info mi,movie_info_idx mi_idx WHERE t.id=mc.movie_id AND t.id=mi.movie_id AND t.id=mi_idx.movie_id AND t.production_year=2004",7598041
"SELECT COUNT(*) FROM title t,movie_companies mc,cast_info ci,movie_info_idx mi_idx,movie_keyword mk WHERE t.id=mc.movie_id AND t.id=ci.movie_id AND t.id=mi_idx.movie_id AND t.id=mk.movie_id AND t.production_year=1958 AND mc.company_id>12740",4018376
"SELECT COUNT(*) FROM title t,movie_companies mc,movie_info mi,movie_keyword mk WHERE t.id=mc.movie_id AND t.id=mi.movie_id AND t.id=mk.movie_id AND mk.keyword_id<14075",3440467108
"SELECT COUNT(*) FROM title t,movie_companies mc,cast_info ci,movie_info mi,movie_info_idx mi_idx WHERE t.id=mc.movie_id AND t.id=ci.movie_id AND t.id=mi.movie_id AND t.id=mi_idx.movie_id AND mi_idx.info_type_id>100",6191108266
"SELECT COUNT(*) FROM title t,cast_info ci,movie_info mi,movie_info_idx mi_idx,movie_keyword mk WHERE t.id=ci.movie_id AND t.id=mi.movie_id AND t.id=mi_idx.movie_id AND t.id=mk.movie_id AND ci.person_id<4042059",78673022863
SELECT COUNT(*) FROM cast_info ci WHERE ci.role_id=1,12670688
"SELECT COUNT(*) FROM title t,movie_info mi,movie_keyword mk WHERE t.id=mi.movie_id AND t.id=mk.movie_id AND t.kind_id=7 AND t.production_year=1967",80581
"SELECT COUNT(*) FROM title t,movie_info mi WHERE t.id=mi.movie_id AND t.production_year<1998 AND mi.info_type_id=7",1097116
"SELECT COUNT(*) FROM title t,movie_info mi,movie_info_idx mi_idx WHERE t.id=mi.movie_id AND t.id=mi_idx.movie_id AND t.kind_id<7 AND t.production_year>2011",580834
SELECT COUNT(*) FROM movie_info mi WHERE mi.info_type_id>4,9911754
"SELECT COUNT(*) FROM title t,movie_companies mc,cast_info ci WHERE t.id=mc.movie_id AND t.id=ci.movie_id AND mc.company_id<166 AND mc.company_type_id=2 AND ci.person_id>2661217 AND ci.role_id=4",49188
"SELECT COUNT(*) FROM title t,cast_info ci,movie_info mi,movie_info_idx mi_idx,movie_keyword mk WHERE t.id=ci.movie_id AND t.id=mi.movie_id AND t.id=mi_idx.movie_id AND t.id=mk.movie_id AND t.production_year<1973 AND ci.role_id<9 AND mi.info_type_id=6 AND mk.keyword_id<3736",39749609
"SELECT COUNT(*) FROM title t,movie_info mi,movie_info_idx mi_idx WHERE t.id=mi.movie_id AND t.id=mi_idx.movie_id AND mi.info_type_id<2",993826
SELECT COUNT(*) FROM movie_keyword mk WHERE mk.keyword_id=1615,1423
SELECT COUNT(*) FROM title t WHERE t.kind_id=1,662825
SELECT COUNT(*) FROM movie_info mi WHERE mi.info_type_id>75,1065990
SELECT COUNT(*) FROM cast_info ci WHERE ci.person_id<3896608,35385517
"SELECT COUNT(*) FROM title t,cast_info ci,movie_keyword mk WHERE t.id=ci.movie_id AND t.id=mk.movie_id AND t.kind_id=7 AND t.production_year=2006",1331546
SELECT COUNT(*) FROM movie_info mi WHERE mi.info_type_id<4,3624977
"SELECT COUNT(*) FROM title t,movie_companies mc,movie_info mi,movie_info_idx mi_idx,movie_keyword mk WHERE t.id=mc.movie_id AND t.id=mi.movie_id AND t.id=mi_idx.movie_id AND t.id=mk.movie_id AND t.kind_id=7 AND t.production_year=2011 AND mi.info_type_id=16 AND mk.keyword_id>870",2563380
"SELECT COUNT(*) FROM title t,movie_companies mc,cast_info ci,movie_keyword mk WHERE t.id=mc.movie_id AND t.id=ci.movie_id AND t.id=mk.movie_id AND ci.role_id=1 AND mk.keyword_id=1578",144096
"SELECT COUNT(*) FROM title t,cast_info ci,movie_info mi WHERE t.id=ci.movie_id AND t.id=mi.movie_id AND t.kind_id=7 AND t.production_year<1969 AND mi.info_type_id>4",6019495
"SELECT COUNT(*) FROM title t,movie_info mi,movie_keyword mk WHERE t.id=mi.movie_id AND t.id=mk.movie_id AND mi.info_type_id<4",17797517
"SELECT COUNT(*) FROM title t,movie_companies mc,movie_info_idx mi_idx WHERE t.id=mc.movie_id AND t.id=mi_idx.movie_id AND t.kind_id=7 AND mc.company_id<1772 AND mc.company_type_id=2 AND mi_idx.info_type_id=100",41224
"SELECT COUNT(*) FROM title t,movie_companies mc,movie_info mi,movie_info_idx mi_idx WHERE t.id=mc.movie_id AND t.id=mi.movie_id AND t.id=mi_idx.movie_id AND mi.info_type_id<16",86419138
"SELECT COUNT(*) FROM title t,movie_companies mc,cast_info ci,movie_info mi,movie_info_idx mi_idx WHERE t.id=mc.movie_id AND t.id=ci.movie_id AND t.id=mi.movie_id AND t.id=mi_idx.movie_id AND t.production_year>2004",7201953098
"SELECT COUNT(*) FROM title t,movie_companies mc,movie_info mi,movie_info_idx mi_idx,movie_keyword mk WHERE t.id=mc.movie_id AND t.id=mi.movie_id AND t.id=mi_idx.movie_id AND t.id=mk.movie_id AND mi_idx.info_type_id<100 AND mk.keyword_id<91063",4716158263
"SELECT COUNT(*) FROM title t,movie_companies mc WHERE t.id=mc.movie_id AND t.kind_id<7 AND t.production_year<2009",1537006
"SELECT COUNT(*) FROM title t,cast_info ci,movie_info mi WHERE t.id=ci.movie_id AND t.id=mi.movie_id AND t.kind_id=7",90419130
"SELECT COUNT(*) FROM title t,movie_companies mc,movie_info mi,movie_info_idx mi_idx WHERE t.id=mc.movie_id AND t.id=mi.movie_id AND t.id=mi_idx.movie_id AND t.production_year>1998 AND mi.info_type_id<7",19521101
"SELECT COUNT(*) FROM title t,movie_info mi WHERE t.id=mi.movie_id AND mi.info_type_id=8",1325361
"SELECT COUNT(*) FROM title t,movie_companies mc,movie_info mi,movie_info_idx mi_idx,movie_keyword mk WHERE t.id=mc.movie_id AND t.id=mi.movie_id AND t.id=mi_idx.movie_id AND t.id=mk.movie_id AND mc.company_id>11323 AND mc.company_type_id=2 AND mi.info_type_id>3 AND mk.keyword_id>4962",817994676
"SELECT COUNT(*) FROM title t,movie_companies mc,cast_info ci,movie_info_idx mi_idx,movie_keyword mk WHERE t.id=mc.movie_id AND t.id=ci.movie_id AND t.id=mi_idx.movie_id AND t.id=mk.movie_id AND mc.company_id>525 AND mc.company_type_id<2 AND ci.role_id=1 AND mi_idx.info_type_id>100",761621040
"SELECT COUNT(*) FROM title t,movie_companies mc,movie_info_idx mi_idx,movie_keyword mk WHERE t.id=mc.movie_id AND t.id=mi_idx.movie_id AND t.id=mk.movie_id AND t.production_year=2011 AND mc.company_id<9749 AND mc.company_type_id<2 AND mi_idx.info_type_id=100",446433
"SELECT COUNT(*) FROM title t,movie_companies mc,movie_info mi WHERE t.id=mc.movie_id AND t.id=mi.movie_id AND t.kind_id>1 AND t.production_year>1999 AND mc.company_type_id<2",4230738
SELECT COUNT(*) FROM movie_keyword mk WHERE mk.keyword_id<1571,1235356
"SELECT COUNT(*) FROM title t,movie_info mi,movie_keyword mk WHERE t.id=mi.movie_id AND t.id=mk.movie_id AND t.production_year>2012 AND mk.keyword_id<13699",657708
"SELECT COUNT(*) FROM title t,cast_info ci,movie_info mi,movie_info_idx mi_idx,movie_keyword mk WHERE t.id=ci.movie_id AND t.id=mi.movie_id AND t.id=mi_idx.movie_id AND t.id=mk.movie_id",78771931233
"SELECT COUNT(*) FROM title t,movie_companies mc,movie_info mi,movie_info_idx mi_idx,movie_keyword mk WHERE t.id=mc.movie_id AND t.id=mi.movie_id AND t.id=mi_idx.movie_id AND t.id=mk.movie_id AND t.kind_id<7 AND t.production_year=1969 AND mc.company_id<115151 AND mi.info_type_id=16 AND mi_idx.info_type_id>101 AND mk.keyword_id>1614",233863
"SELECT COUNT(*) FROM title t,movie_companies mc,movie_info_idx mi_idx,movie_keyword mk WHERE t.id=mc.movie_id AND t.id=mi_idx.movie_id AND t.id=mk.movie_id AND t.kind_id<7 AND t.production_year=1997 AND mc.company_id>10922 AND mc.company_type_id<2 AND mk.keyword_id=687",57
"SELECT COUNT(*) FROM title t,cast_info ci,movie_info mi,movie_info_idx mi_idx,movie_keyword mk WHERE t.id=ci.movie_id AND t.id=mi.movie_id AND t.id=mi_idx.movie_id AND t.id=mk.movie_id AND mi.info_type_id>4 AND mi_idx.info_type_id<100 AND mk.keyword_id>2048",17212051539
"SELECT COUNT(*) FROM title t,movie_keyword mk WHERE t.id=mk.movie_id AND t.production_year>1954 AND mk.keyword_id=2218",848
SELECT COUNT(*) FROM movie_companies mc WHERE mc.company_id<160 AND mc.company_type_id=1,224384
"SELECT COUNT(*) FROM title t,cast_info ci,movie_keyword mk WHERE t.id=ci.movie_id AND t.id=mk.movie_id AND t.kind_id=1 AND t.production_year>2005",53765709
"SELECT COUNT(*) FROM title t,movie_companies mc,movie_info mi,movie_info_idx mi_idx,movie_keyword mk WHERE t.id=mc.movie_id AND t.id=mi.movie_id AND t.id=mi_idx.movie_id AND t.id=mk.movie_id AND mi_idx.info_type_id=100",4829607980
"SELECT COUNT(*) FROM title t,movie_companies mc,cast_info ci,movie_info mi,movie_keyword mk WHERE t.id=mc.movie_id AND t.id=ci.movie_id AND t.id=mi.movie_id AND t.id=mk.movie_id AND mc.company_id=1627 AND mc.company_type_id>1 AND mk.keyword_id>9986",455
"SELECT COUNT(*) FROM title t,cast_info ci,movie_info_idx mi_idx WHERE t.id=ci.movie_id AND t.id=mi_idx.movie_id AND t.production_year=2005",1756832
"SELECT COUNT(*) FROM title t,movie_keyword mk WHERE t.id=mk.movie_id AND t.kind_id<3 AND t.production_year>1997",1320062
"SELECT COUNT(*) FROM title t,cast_info ci,movie_info mi,movie_info_idx mi_idx,movie_keyword mk WHERE t.id=ci.movie_id AND t.id=mi.movie_id AND t.id=mi_idx.movie_id AND t.id=mk.movie_id AND t.kind_id=7 AND mi.info_type_id=9 AND mi_idx.info_type_id<100 AND mk.keyword_id<71574",65833
"SELECT COUNT(*) FROM title t,movie_info mi,movie_keyword mk WHERE t.id=mi.movie_id AND t.id=mk.movie_id AND t.kind_id>1 AND mi.info_type_id>8",13613824
"SELECT COUNT(*) FROM title t,movie_companies mc,cast_info ci,movie_info mi,movie_info_idx mi_idx WHERE t.id=mc.movie_id AND t.id=ci.movie_id AND t.id=mi.movie_id AND t.id=mi_idx.movie_id AND t.production_year=2007 AND ci.role_id>1 AND mi.info_type_id>8 AND mi_idx.info_type_id<100",174070516
"SELECT COUNT(*) FROM title t,movie_companies mc,cast_info ci WHERE t.id=mc.movie_id AND t.id=ci.movie_id AND t.kind_id=7 AND t.production_year>1986 AND mc.company_id<1724 AND mc.company_type_id=1 AND ci.role_id=2",1124770
SELECT COUNT(*) FROM movie_companies mc WHERE mc.company_id=12094,356
"SELECT COUNT(*) FROM title t,movie_companies mc WHERE t.id=mc.movie_id AND t.production_year>1996 AND mc.company_id>11",1312127
"SELECT COUNT(*) FROM title t,movie_companies mc,movie_info mi,movie_keyword mk WHERE t.id=mc.movie_id AND t.id=mi.movie_id AND t.id=mk.movie_id AND t.production_year=1940 AND mi.info_type_id>16",4681531
"SELECT COUNT(*) FROM title t,movie_info_idx mi_idx WHERE t.id=mi_idx.movie_id AND t.kind_id>1 AND t.production_year<1948",198
"SELECT COUNT(*) FROM title t,cast_info ci,movie_info mi,movie_info_idx mi_idx,movie_keyword mk WHERE t.id=ci.movie_id AND t.id=mi.movie_id AND t.id=mi_idx.movie_id AND t.id=mk.movie_id AND t.production_year=2011 AND mi.info_type_id>15 AND mi_idx.info_type_id>100",600741041
SELECT COUNT(*) FROM movie_companies mc WHERE mc.company_id<7876 AND mc.company_type_id<2,760775
"SELECT COUNT(*) FROM title t,movie_keyword mk WHERE t.id=mk.movie_id AND t.production_year>2011 AND mk.keyword_id<121",4304
"SELECT COUNT(*) FROM title t,movie_keyword mk WHERE t.id=mk.movie_id AND t.production_year>2009 AND mk.keyword_id<23175",378514
"SELECT COUNT(*) FROM title t,movie_companies mc,cast_info ci,movie_info mi WHERE t.id=mc.movie_id AND t.id=ci.movie_id AND t.id=mi.movie_id",5783682388
"SELECT COUNT(*) FROM title t,movie_companies mc,movie_info mi,movie_info_idx mi_idx,movie_keyword mk WHERE t.id=mc.movie_id AND t.id=mi.movie_id AND t.id=mi_idx.movie_id AND t.id=mk.movie_id AND mc.company_id=19 AND mc.company_type_id<2 AND mi.info_type_id<6 AND mk.keyword_id<6663",3018509
"SELECT COUNT(*) FROM title t,movie_info mi WHERE t.id=mi.movie_id AND t.kind_id>1 AND t.production_year>1999",3636397
SELECT COUNT(*) FROM title t WHERE t.kind_id<7 AND t.production_year>2007,266599
"SELECT COUNT(*) FROM title t,movie_companies mc,movie_info mi WHERE t.id=mc.movie_id AND t.id=mi.movie_id AND mc.company_type_id<2 AND mi.info_type_id=6",899370
"SELECT COUNT(*) FROM title t,cast_info ci,movie_info mi,movie_keyword mk WHERE t.id=ci.movie_id AND t.id=mi.movie_id AND t.id=mk.movie_id AND ci.role_id>10 AND mi.info_type_id>15",98474517
"SELECT COUNT(*) FROM title t,movie_companies mc,cast_info ci,movie_info mi,movie_info_idx mi_idx WHERE t.id=mc.movie_id AND t.id=ci.movie_id AND t.id=mi.movie_id AND t.id=mi_idx.movie_id AND mc.company_id=4482 AND mc.company_type_id<2 AND ci.person_id>1875226",2457
SELECT COUNT(*) FROM movie_keyword mk WHERE mk.keyword_id=347,10799
"SELECT COUNT(*) FROM title t,movie_companies mc,cast_info ci,movie_info mi,movie_keyword mk WHERE t.id=mc.movie_id AND t.id=ci.movie_id AND t.id=mi.movie_id AND t.id=mk.movie_id AND t.production_year>1963 AND ci.role_id<5 AND mi.info_type_id<4",7983415300
SELECT COUNT(*) FROM movie_keyword mk WHERE mk.keyword_id>7956,1750725
SELECT COUNT(*) FROM movie_keyword mk WHERE mk.keyword_id=13168,107
"SELECT COUNT(*) FROM title t,movie_companies mc,movie_info mi,movie_keyword mk WHERE t.id=mc.movie_id AND t.id=mi.movie_id AND t.id=mk.movie_id AND t.kind_id=7 AND t.production_year>1993 AND mc.company_type_id=1",15169699
"SELECT COUNT(*) FROM title t,cast_info ci,movie_info mi,movie_keyword mk WHERE t.id=ci.movie_id AND t.id=mi.movie_id AND t.id=mk.movie_id AND t.production_year>2003 AND mi.info_type_id=4 AND mk.keyword_id=1417",44028
"SELECT COUNT(*) FROM title t,cast_info ci,movie_keyword mk WHERE t.id=ci.movie_id AND t.id=mk.movie_id AND mk.keyword_id<125340",215111956
"SELECT COUNT(*) FROM title t,movie_companies mc,movie_info_idx mi_idx WHERE t.id=mc.movie_id AND t.id=mi_idx.movie_id AND mc.company_id<19613 AND mc.company_type_id=1",2097160
SELECT COUNT(*) FROM movie_info mi WHERE mi.info_type_id<3,2091068
SELECT COUNT(*) FROM movie_keyword mk WHERE mk.keyword_id>6857,1934752
SELECT COUNT(*) FROM title t WHERE t.kind_id=4 AND t.production_year<1947,1
"SELECT COUNT(*) FROM title t,cast_info ci WHERE t.id=ci.movie_id AND t.kind_id=1 AND t.production_year=2007 AND ci.person_id=41459",1
"SELECT COUNT(*) FROM title t,cast_info ci,movie_info mi,movie_info_idx mi_idx WHERE t.id=ci.movie_id AND t.id=mi.movie_id AND t.id=mi_idx.movie_id AND t.kind_id>1 AND ci.person_id<2102346 AND ci.role_id>9 AND mi.info_type_id=16 AND mi_idx.info_type_id<101",1668276
"SELECT COUNT(*) FROM title t,movie_info_idx mi_idx WHERE t.id=mi_idx.movie_id AND t.production_year=1966",10183
"SELECT COUNT(*) FROM title t,movie_info_idx mi_idx,movie_keyword mk WHERE t.id=mi_idx.movie_id AND t.id=mk.movie_id AND t.production_year>2001",3940515
SELECT COUNT(*) FROM title t WHERE t.kind_id<7 AND t.production_year=1970,6232
SELECT COUNT(*) FROM movie_keyword mk WHERE mk.keyword_id=87437,29
"SELECT COUNT(*) FROM title t,movie_companies mc,movie_keyword mk WHERE t.id=mc.movie_id AND t.id=mk.movie_id AND t.production_year=2010 AND mk.keyword_id=6226",179
"SELECT COUNT(*) FROM title t,cast_info ci,movie_info mi,movie_info_idx mi_idx,movie_keyword mk WHERE t.id=ci.movie_id AND t.id=mi.movie_id AND t.id=mi_idx.movie_id AND t.id=mk.movie_id AND ci.person_id=360343 AND ci.role_id<2 AND mk.keyword_id<359",2877
"SELECT COUNT(*) FROM title t,movie_keyword mk WHERE t.id=mk.movie_id AND t.kind_id>3",1203219
"SELECT COUNT(*) FROM title t,cast_info ci WHERE t.id=ci.movie_id AND t.production_year>2004",17363029
SELECT COUNT(*) FROM movie_info mi WHERE mi.info_type_id>5,9425200
SELECT COUNT(*) FROM movie_info mi WHERE mi.info_type_id>3,11210743
"SELECT COUNT(*) FROM title t,movie_companies mc,movie_keyword mk WHERE t.id=mc.movie_id AND t.id=mk.movie_id AND t.kind_id=7 AND t.production_year<2007",819332
"SELECT COUNT(*) FROM title t,movie_companies mc,movie_info_idx mi_idx WHERE t.id=mc.movie_id AND t.id=mi_idx.movie_id AND t.production_year>2011 AND mc.company_id<4155",67492
"SELECT COUNT(*) FROM title t,movie_companies mc,cast_info ci,movie_keyword mk WHERE t.id=mc.movie_id AND t.id=ci.movie_id AND t.id=mk.movie_id AND ci.person_id>1323513 AND ci.role_id=2 AND mk.keyword_id=53929",1086
"SELECT COUNT(*) FROM title t,movie_info_idx mi_idx,movie_keyword mk WHERE t.id=mi_idx.movie_id AND t.id=mk.movie_id",10424626
"SELECT COUNT(*) FROM title t,movie_companies mc,movie_keyword mk WHERE t.id=mc.movie_id AND t.id=mk.movie_id AND t.kind_id=2 AND t.production_year=1971 AND mc.company_id<7851 AND mc.company_type_id=1 AND mk.keyword_id>7473",866
"SELECT COUNT(*) FROM title t,cast_info ci,movie_info_idx mi_idx WHERE t.id=ci.movie_id AND t.id=mi_idx.movie_id",40911741
"SELECT COUNT(*) FROM title t,movie_companies mc,movie_info mi,movie_info_idx mi_idx,movie_keyword mk WHERE t.id=mc.movie_id AND t.id=mi.movie_id AND t.id=mi_idx.movie_id AND t.id=mk.movie_id AND t.kind_id=7 AND mc.company_type_id<2 AND mi.info_type_id<3",4495017
"SELECT COUNT(*) FROM title t,cast_info ci WHERE t.id=ci.movie_id AND ci.person_id>3091529",5605668
"SELECT COUNT(*) FROM title t,movie_companies mc,movie_keyword mk WHERE t.id=mc.movie_id AND t.id=mk.movie_id AND mc.company_id=1402",100720
"SELECT COUNT(*) FROM title t,movie_companies mc,movie_info mi,movie_info_idx mi_idx,movie_keyword mk WHERE t.id=mc.movie_id AND t.id=mi.movie_id AND t.id=mi_idx.movie_id AND t.id=mk.movie_id AND mi.info_type_id=16",2318881848
"SELECT COUNT(*) FROM title t,movie_companies mc,movie_info_idx mi_idx,movie_keyword mk WHERE t.id=mc.movie_id AND t.id=mi_idx.movie_id AND t.id=mk.movie_id AND mk.keyword_id<7467",58068643
"SELECT COUNT(*) FROM title t,movie_info mi,movie_info_idx mi_idx WHERE t.id=mi.movie_id AND t.id=mi_idx.movie_id",20885030
"SELECT COUNT(*) FROM title t,cast_info ci,movie_info mi,movie_info_idx mi_idx,movie_keyword mk WHERE t.id=ci.movie_id AND t.id=mi.movie_id AND t.id=mi_idx.movie_id AND t.id=mk.movie_id AND t.production_year=1997 AND mi_idx.info_type_id<101",1276002238
SELECT COUNT(*) FROM movie_keyword mk WHERE mk.keyword_id<479,621177
"SELECT COUNT(*) FROM title t,movie_companies mc,cast_info ci,movie_info mi,movie_info_idx mi_idx WHERE t.id=mc.movie_id AND t.id=ci.movie_id AND t.id=mi.movie_id AND t.id=mi_idx.movie_id AND mc.company_id>19661 AND mc.company_type_id<2 AND mi.info_type_id<18 AND mi_idx.info_type_id>99",368413500
"SELECT COUNT(*) FROM title t,movie_companies mc,movie_info_idx mi_idx,movie_keyword mk WHERE t.id=mc.movie_id AND t.id=mi_idx.movie_id AND t.id=mk.movie_id AND t.kind_id<7 AND t.production_year<2007 AND mc.company_id=12591 AND mc.company_type_id=1 AND mk.keyword_id>829",567
"SELECT COUNT(*) FROM title t,movie_companies mc,movie_info mi,movie_info_idx mi_idx WHERE t.id=mc.movie_id AND t.id=mi.movie_id AND t.id=mi_idx.movie_id AND t.kind_id>4 AND t.production_year=2008 AND mi_idx.info_type_id=99",263936
"SELECT COUNT(*) FROM title t,cast_info ci,movie_info_idx mi_idx WHERE t.id=ci.movie_id AND t.id=mi_idx.movie_id AND ci.person_id>2419858 AND mi_idx.info_type_id>101",11525
SELECT COUNT(*) FROM movie_keyword mk WHERE mk.keyword_id>9751,1589417
"SELECT COUNT(*) FROM title t,movie_companies mc,cast_info ci,movie_info mi,movie_info_idx mi_idx WHERE t.id=mc.movie_id AND t.id=ci.movie_id AND t.id=mi.movie_id AND t.id=mi_idx.movie_id AND t.production_year=2012 AND mc.company_id=139 AND ci.role_id>10 AND mi.info_type_id=3 AND mi_idx.info_type_id=100",6
SELECT COUNT(*) FROM movie_keyword mk WHERE mk.keyword_id=2810,1351
"SELECT COUNT(*) FROM title t,movie_info_idx mi_idx WHERE t.id=mi_idx.movie_id AND t.production_year=2004",51108
"SELECT COUNT(*) FROM title t,movie_companies mc,movie_info_idx mi_idx,movie_keyword mk WHERE t.id=mc.movie_id AND t.id=mi_idx.movie_id AND t.id=mk.movie_id AND mc.company_id>47026 AND mc.company_type_id<2",854324
SELECT COUNT(*) FROM movie_keyword mk WHERE mk.keyword_id>6313,1989480
"SELECT COUNT(*) FROM title t,movie_companies mc,cast_info ci,movie_info_idx mi_idx,movie_keyword mk WHERE t.id=mc.movie_id AND t.id=ci.movie_id AND t.id=mi_idx.movie_id AND t.id=mk.movie_id AND mc.company_id<145 AND mc.company_type_id<2 AND ci.person_id>1174178 AND mi_idx.info_type_id<101",189828984
SELECT COUNT(*) FROM movie_info mi WHERE mi.info_type_id<2,802140
"SELECT COUNT(*) FROM title t,movie_companies mc,cast_info ci,movie_info_idx mi_idx,movie_keyword mk WHERE t.id=mc.movie_id AND t.id=ci.movie_id AND t.id=mi_idx.movie_id AND t.id=mk.movie_id AND ci.person_id<2451133 AND mi_idx.info_type_id>99",3925741135
"SELECT COUNT(*) FROM title t,movie_info mi WHERE t.id=mi.movie_id AND t.kind_id>1 AND mi.info_type_id>4",4407679
"SELECT COUNT(*) FROM title t,cast_info ci,movie_info_idx mi_idx WHERE t.id=ci.movie_id AND t.id=mi_idx.movie_id AND t.kind_id>3 AND ci.person_id<1234513",5912916
"SELECT COUNT(*) FROM title t,cast_info ci,movie_info mi,movie_keyword mk WHERE t.id=ci.movie_id AND t.id=mi.movie_id AND t.id=mk.movie_id AND mk.keyword_id=3513",1222807
"SELECT COUNT(*) FROM title t,movie_companies mc,cast_info ci WHERE t.id=mc.movie_id AND t.id=ci.movie_id AND t.kind_id=1 AND t.production_year>2005 AND mc.company_type_id>1 AND ci.person_id>800979 AND ci.role_id=3",628217
"SELECT COUNT(*) FROM title t,movie_keyword mk WHERE t.id=mk.movie_id AND mk.keyword_id<70428",4331869
"SELECT COUNT(*) FROM title t,movie_companies mc WHERE t.id=mc.movie_id AND t.production_year<1984 AND mc.company_id=37708",4
"SELECT COUNT(*) FROM title t,movie_info mi,movie_info_idx mi_idx,movie_keyword mk WHERE t.id=mi.movie_id AND t.id=mi_idx.movie_id AND t.id=mk.movie_id AND t.kind_id=7 AND mk.keyword_id<335",1039230
"SELECT COUNT(*) FROM title t,movie_companies mc WHERE t.id=mc.movie_id AND t.kind_id<7 AND t.production_year<2012",1770929
SELECT COUNT(*) FROM title t WHERE t.kind_id>2 AND t.production_year=1974,8942
"SELECT COUNT(*) FROM title t,movie_info mi WHERE t.id=mi.movie_id AND mi.info_type_id>8",6223494
"SELECT COUNT(*) FROM title t,cast_info ci,movie_info mi,movie_info_idx mi_idx,movie_keyword mk WHERE t.id=ci.movie_id AND t.id=mi.movie_id AND t.id=mi_idx.movie_id AND t.id=mk.movie_id AND t.kind_id=1 AND mi.info_type_id<4",2511511293
"SELECT COUNT(*) FROM title t,movie_info_idx mi_idx WHERE t.id=mi_idx.movie_id AND t.kind_id=1 AND t.production_year<1975 AND mi_idx.info_type_id=100",62556
"SELECT COUNT(*) FROM title t,movie_keyword mk WHERE t.id=mk.movie_id AND t.kind_id=1 AND t.production_year>1994",1341449
SELECT COUNT(*) FROM movie_keyword mk WHERE mk.keyword_id=12828,337
"SELECT COUNT(*) FROM title t,movie_info_idx mi_idx WHERE t.id=mi_idx.movie_id AND t.kind_id<7 AND mi_idx.info_type_id>101",260
SELECT COUNT(*) FROM title t WHERE t.production_year<2007,1551727
"SELECT COUNT(*) FROM title t,movie_info mi,movie_info_idx mi_idx WHERE t.id=mi.movie_id AND t.id=mi_idx.movie_id AND t.kind_id<7 AND t.production_year<2009 AND mi.info_type_id<8",6348748
"SELECT COUNT(*) FROM title t,cast_info ci WHERE t.id=ci.movie_id AND ci.role_id>4",9384703
"SELECT COUNT(*) FROM title t,movie_info_idx mi_idx,movie_keyword mk WHERE t.id=mi_idx.movie_id AND t.id=mk.movie_id AND t.kind_id=7 AND t.production_year>1985",885780
SELECT COUNT(*) FROM movie_keyword mk WHERE mk.keyword_id=1069,1034
"SELECT COUNT(*) FROM title t,movie_companies mc,cast_info ci WHERE t.id=mc.movie_id AND t.id=ci.movie_id",80274241
SELECT COUNT(*) FROM movie_keyword mk WHERE mk.keyword_id>2469,2924334
"SELECT COUNT(*) FROM title t,movie_keyword mk WHERE t.id=mk.movie_id AND t.production_year=2012",107578
"SELECT COUNT(*) FROM title t,cast_info ci,movie_info mi,movie_keyword mk WHERE t.id=ci.movie_id AND t.id=mi.movie_id AND t.id=mk.movie_id AND t.kind_id<7 AND t.production_year=2009",1496571367
SELECT COUNT(*) FROM title t WHERE t.kind_id>1 AND t.production_year>2013,298
"SELECT COUNT(*) FROM title t,movie_companies mc,movie_info mi WHERE t.id=mc.movie_id AND t.id=mi.movie_id AND t.production_year>2004",22199655
"SELECT COUNT(*) FROM title t,movie_info mi,movie_info_idx mi_idx,movie_keyword mk WHERE t.id=mi.movie_id AND t.id=mi_idx.movie_id AND t.id=mk.movie_id AND t.kind_id=3 AND mk.keyword_id>121648",47745
